MstrRecNbrTxt,CollisionDate,CollisionDteTime,YearNmb,Month,DayOfWeek,Hour,Latitude,Longitude,InjuryClass,PersonType,NonMotoristLocation,RelationToJunction,LightCondition,MannerOfCollision,FirstHarmfulEvent,VictimsInCrash,InMemphis,Jurisdiction,StateRoute_NAME,StateRoute_F_System,StateRoute_SPDLIMIT,StateRoute_LANES,StateRoute_ALTNAME_1,StateRoute_Council_District,DistToStateRoute_m,Jurisdiction_prev
300996345,2025-01-14,2025-01-14 01:05:00,2025,1,Tuesday,1,35.123558,-89.86841,Suspected Serious Injury,Pedestrian,Not Intersection-On Roadway Crosswalk not Available,Non-Junction,Dark-Lighted,Front to Rear,Other,2,True,Interstate (TDOT),,,,,,,826.4338425234458,City of Memphis
301035290,2025-08-18,2025-08-18 14:32:00,2025,8,Monday,14,35.148895,-90.04847,Unknown,Other Non-Motorist,Intersection-Unknown,OtherLocation,Daylight,Not Collision with Motor Vehicle in Transport,Other,1,True,TDOT state route,N THIRD ST,Minor Arterial,35.0,3.0,3,6.0,9.448117389995785,TDOT
301035667,2025-08-25,2025-08-25 07:35:00,2025,8,Monday,7,35.08577,-89.9109,Possible Injury,Pedestrian,Intersection-On Roadway Crosswalk Not Available,Intersection,Daylight,Not Collision with Motor Vehicle in Transport,Pedestrian,2,True,City of Memphis,,,,,,,1951.0915136021013,City of Memphis
301038185,2025-09-08,2025-09-08 05:30:00,2025,9,Monday,5,35.05026,-89.87318,No Injury,Pedestrian,Unknown,Through Roadway,Dark-Lighted,Other,Other,1,True,City of Memphis,,,,,,,2829.0808640840023,City of Memphis
301035093,2025-08-21,2025-08-21 12:00:00,2025,8,Thursday,12,35.1602,-90.03969,No Injury,Pedestrian,Not Intersection-Other Not On Roadway,Intersection,Daylight,Not Collision with Motor Vehicle in Transport,Other,1,True,City of Memphis,,,,,,,264.86289815066084,City of Memphis
301038688,2025-09-10,2025-09-10 13:30:00,2025,9,Wednesday,13,35.19589,-89.80971,Possible Injury,Pedestrian,Intersection-In Crosswalk,Intersection,Daylight,Not Collision with Motor Vehicle in Transport,Pedestrian,1,True,City of Memphis,,,,,,,974.647620950297,City of Memphis
301037265,2025-09-03,2025-09-03 05:40:00,2025,9,Wednesday,5,35.12847,-89.87194,No Injury,Pedestrian,Not Intersection-Other Not On Roadway,"Driveway, Alley Access, etc",Dawn,Not Collision with Motor Vehicle in Transport,Other,1,True,City of Memphis,,,,,,,290.26117287959715,City of Memphis
301037269,2025-08-30,2025-08-30 00:00:00,2025,8,Saturday,99,35.020878,-90.02629,Suspected Serious Injury,Pedestrian,Not Intersection-In Crosswalk,AccelDecelLane,Unknown,Not Collision with Motor Vehicle in Transport,Pedestrian,1,True,TDOT state route,E SHELBY DR,Minor Arterial,45.0,5.0,175,6.0,13.08049553139796,TDOT
301036428,2025-08-15,2025-08-15 04:45:00,2025,8,Friday,4,35.223057,-89.734023,Suspected Serious Injury,Pedestrian,Intersection-On Roadway Crosswalk Not Available,Non-Junction,Daylight,Not Collision with Motor Vehicle in Transport,Pedestrian,1,False,Suburban-Shelby,,,,,,,,Suburban-Shelby
301035706,2025-08-25,2025-08-25 08:55:00,2025,8,Monday,8,35.125347,-90.05519,Suspected Minor Injury,Pedestrian,Not Intersection-Outside Traffic,Intersection-Related,Daylight,Not Collision with Motor Vehicle in Transport,Other,1,True,TDOT state route,S THIRD ST,Minor Arterial,35.0,5.0,14,6.0,26.74802876781674,TDOT
301038931,2025-09-11,2025-09-11 06:37:00,2025,9,Thursday,6,35.06899,-89.96371,Possible Injury,Pedestrian,Intersection-In Crosswalk,Intersection,Dawn,Not Collision with Motor Vehicle in Transport,Pedestrian,1,True,City of Memphis,,,,,,,1409.2061557771303,City of Memphis
301036456,2025-08-29,2025-08-29 07:40:00,2025,8,Friday,7,35.016445,-89.989845,Possible Injury,Pedestrian,Intersection-Not on Roadway,Intersection,Daylight,Not Collision with Motor Vehicle in Transport,Pedestrian,1,True,City of Memphis,,,,,,,514.9544779339383,City of Memphis
301029586,2025-07-17,2025-07-17 00:16:00,2025,7,Thursday,0,35.152752,-89.951546,Suspected Serious Injury,Pedestrian,Not Intersection-On Roadway Not In Crosswalk,Non-Junction,Dark-Lighted,Not Collision with Motor Vehicle in Transport,Pedestrian,1,True,City of Memphis,,,,,,,371.7110853552956,City of Memphis
301038500,2025-09-08,2025-09-08 16:00:00,2025,9,Monday,16,35.165207,-89.861404,Possible Injury,Pedestrian,Intersection-On Roadway Crosswalk Not Available,AccelDecelLane,Daylight,Not Collision with Motor Vehicle in Transport,Pedestrian,1,True,Interstate (TDOT),,,,,,,978.034449998758,City of Memphis
301042568,2025-10-02,2025-10-02 11:30:00,2025,10,Thursday,11,35.13921,-90.019516,Possible Injury,Pedestrian,Intersection-On Roadway Crosswalk availability Unknown,Intersection-Related,Daylight,Not Collision with Motor Vehicle in Transport,Pedestrian,1,True,City of Memphis,,,,,,,224.778291877628,City of Memphis
301044910,2025-10-16,2025-10-16 18:51:00,2025,10,Thursday,18,35.11567,-89.971756,Possible Injury,Pedestrian,Intersection-Not on Roadway,Intersection,Dawn,Angle,Other,1,True,City of Memphis,,,,,,,1160.4270258152897,City of Memphis
301043683,2025-09-08,2025-09-08 10:22:00,2025,9,Monday,10,35.00638,-90.025276,Suspected Minor Injury,Pedestrian,Intersection-In Crosswalk,Intersection,Daylight,Not Collision with Motor Vehicle in Transport,Pedestrian,1,True,TDOT state route,ELVIS PRESLEY BLVD,Principal Arterial,40.0,5.0,3,3.0,0.3272990056877377,TDOT
301041612,2025-09-25,2025-09-25 18:00:00,2025,9,Thursday,18,35.11603,-89.9412,Suspected Minor Injury,Pedestrian,Intersection-Unknown,Intersection,Daylight,Not Collision with Motor Vehicle in Transport,Pedestrian,1,True,City of Memphis,,,,,,,1176.8374166005167,City of Memphis
300979829,2024-10-14,2024-10-14 00:32:00,2024,10,Monday,0,35.17534,-89.83642,Fatal,Pedestrian,Intersection-On Roadway not in Crosswalk,Non-Junction,Dark-Not Lighted,Front to Rear,Other,1,True,Interstate (TDOT),,,,,,,2005.1337079199047,City of Memphis
301041423,2025-09-26,2025-09-26 14:00:00,2025,9,Friday,14,35.027298,-90.02953,Possible Injury,Pedestrian,Not Intersection-On Roadway Crosswalk not Available,Unknown,Daylight,Not Collision with Motor Vehicle in Transport,Pedestrian,1,True,City of Memphis,,,,,,,396.057492659055,City of Memphis
301041424,2025-09-26,2025-09-26 08:34:00,2025,9,Friday,8,35.11543,-90.02773,Fatal,Pedestrian,Not Intersection-On Roadway Not In Crosswalk,Non-Junction,Daylight,Not Collision with Motor Vehicle in Transport,Pedestrian,1,True,City of Memphis,,,,,,,553.894085478226,City of Memphis
301045294,2025-10-18,2025-10-18 20:19:00,2025,10,Saturday,20,35.106754,-90.02136,Possible Injury,Pedestrian,Intersection-Unknown,Intersection-Related,Dark-Not Lighted,Not Collision with Motor Vehicle in Transport,Pedestrian,1,True,City of Memphis,ELVIS PRESLEY BLVD,Minor Arterial,40.0,4.0,3,4.0,19.35026807373949,TDOT
301043008,2025-10-04,2025-10-04 14:35:00,2025,10,Saturday,14,35.146854,-90.05074,Possible Injury,Pedestrian,Intersection-In Crosswalk,Intersection-Related,Daylight,Not Collision with Motor Vehicle in Transport,Pedestrian,1,True,City of Memphis,N SECOND ST,Minor Arterial,35.0,2.0,3,6.0,2.193010750729392,TDOT
301040344,2025-09-20,2025-09-20 05:28:00,2025,9,Saturday,5,35.05225,-89.95168,Possible Injury,Pedestrian,Not Intersection-On Roadway Not In Crosswalk,Intersection-Related,Dark-Not Lighted,Not Collision with Motor Vehicle in Transport,Pedestrian,1,True,City of Memphis,,,,,,,1608.6097467407722,City of Memphis
301041181,2025-09-24,2025-09-24 12:17:00,2025,9,Wednesday,12,35.149208,-90.051216,Possible Injury,Pedestrian,Not Intersection-On Roadway Crosswalk not Available,Non-Junction,Daylight,Angle,Other,1,True,City of Memphis,,,,,,,121.00815732873208,City of Memphis
301044731,2025-10-15,2025-10-15 15:00:00,2025,10,Wednesday,15,35.177223,-89.772156,Possible Injury,Pedestrian,Intersection-In Crosswalk,Intersection,Daylight,Not Collision with Motor Vehicle in Transport,Pedestrian,1,True,City of Memphis,,,,,,,1895.0852861941555,City of Memphis
301009099,2025-03-28,2025-03-28 20:21:00,2025,3,Friday,20,35.051848,-89.950757,Fatal,Pedestrian,Not Intersection-On Roadway Not In Crosswalk,AccelDecelLane,Dark-Not Lighted,Not Collision with Motor Vehicle in Transport,Pedestrian,1,True,City of Memphis,,,,,,,1527.137309524894,City of Memphis
301040976,2025-09-23,2025-09-23 15:23:00,2025,9,Tuesday,15,35.144268,-90.0191,Possible Injury,Pedestrian,Not Intersection-On Roadway Not In Crosswalk,Non-Junction,Daylight,Not Collision with Motor Vehicle in Transport,Pedestrian,1,True,City of Memphis,,,,,,,786.4388911869273,City of Memphis
301042873,2025-10-03,2025-10-03 16:30:00,2025,10,Friday,16,35.15542,-90.03106,Possible Injury,Pedestrian,Intersection-On Roadway not in Crosswalk,Intersection,Daylight,Not Collision with Motor Vehicle in Transport,Other,1,True,City of Memphis,N PARKWAY,Minor Arterial,40.0,2.0,1,7.0,4.204519428126568,TDOT
301043778,2025-10-09,2025-10-09 09:05:00,2025,10,Thursday,9,35.20177,-89.73099,Suspected Minor Injury,Pedestrian,Not Intersection-Outside Traffic,Intersection,Daylight,Not Collision with Motor Vehicle in Transport,Pedestrian,1,True,City of Memphis,,,,,,,453.3135650318636,City of Memphis
301040384,2025-09-19,2025-09-19 14:51:00,2025,9,Friday,14,35.107742,-89.94052,Suspected Serious Injury,Pedestrian,Intersection-In Crosswalk,Intersection,Daylight,Not Collision with Motor Vehicle in Transport,Pedestrian,1,True,City of Memphis,,,,,,,2052.6458342245955,City of Memphis
301041867,2025-09-29,2025-09-29 08:05:00,2025,9,Monday,8,35.106373,-90.05563,Possible Injury,Pedestrian,Not Intersection-On Roadway Crosswalk not Available,Non-Junction,Daylight,Not Collision with Motor Vehicle in Transport,Pedestrian,1,True,TDOT state route,S THIRD ST,Principal Arterial,40.0,4.0,14,6.0,23.14763077746833,TDOT
301040183,2025-09-17,2025-09-17 16:30:00,2025,9,Wednesday,16,35.052525,-89.89914,Suspected Serious Injury,Pedestrian,Intersection-In Crosswalk,Intersection-Related,Daylight,Not Collision with Motor Vehicle in Transport,Pedestrian,1,True,City of Memphis,,,,,,,2042.9670857954225,City of Memphis
301041664,2025-09-28,2025-09-28 05:25:00,2025,9,Sunday,5,35.04951,-89.843796,Suspected Serious Injury,Pedestrian,Intersection-On Roadway not in Crosswalk,Unknown,Dark-Lighted,Not Collision with Motor Vehicle in Transport,Pedestrian,1,True,City of Memphis,,,,,,,1280.4231028394186,City of Memphis
301044563,2025-10-14,2025-10-14 14:55:00,2025,10,Tuesday,14,35.211857,-90.03222,Possible Injury,Pedestrian,Not Intersection-Other Not On Roadway,OtherLocation,Daylight,"Sideswipe, Opposite Direction",Other,1,True,City of Memphis,THOMAS ST,,40.0,2.0,3,7.0,1.028504604645451,TDOT
301041549,2025-09-27,2025-09-27 08:00:00,2025,9,Saturday,8,35.10576,-89.96588,Possible Injury,Pedestrian,Intersection-On Roadway Crosswalk availability Unknown,Non-Junction,Daylight,Not Collision with Motor Vehicle in Transport,Pedestrian,1,True,City of Memphis,,,,,,,1072.2631446070257,City of Memphis
301044028,2025-10-10,2025-10-10 17:40:00,2025,10,Friday,17,35.238167,-89.93071,Possible Injury,Pedestrian,Intersection-Unknown,AccelDecelLane,Daylight,Not Collision with Motor Vehicle in Transport,Pedestrian,1,True,City of Memphis,,,,,,,2709.7926375979814,City of Memphis
301043341,2025-10-07,2025-10-07 06:50:00,2025,10,Tuesday,6,35.03771,-90.034676,Possible Injury,Pedestrian,Not Intersection-On Roadway Crosswalk not Available,Non-Junction,Dark-Lighted,Not Collision with Motor Vehicle in Transport,Pedestrian,1,True,City of Memphis,,,,,,,868.8472993994704,City of Memphis
301040416,2025-09-20,2025-09-20 15:50:00,2025,9,Saturday,15,35.128716,-90.02107,Suspected Serious Injury,Pedestrian,Intersection-In Crosswalk,Intersection,Daylight,Not Collision with Motor Vehicle in Transport,Pedestrian,1,True,TDOT state route,S BELLEVUE BLVD,Minor Arterial,35.0,4.0,3,6.0,0.7494499111183989,TDOT
301041927,2025-09-29,2025-09-29 17:57:00,2025,9,Monday,17,35.1495,-89.95806,Possible Injury,Pedestrian,Intersection-Not on Roadway,OtherLocation,Daylight,Not Collision with Motor Vehicle in Transport,Pedestrian,1,True,TDOT state route,SUMMER AVE,Principal Arterial,35.0,5.0,1,5.0,1.8559572984471733,TDOT
301043079,2025-10-05,2025-10-05 04:20:00,2025,10,Sunday,4,35.034657,-89.82265,No Injury,Pedestrian,Unknown,Through Roadway,Dark-Lighted,Not Collision with Motor Vehicle in Transport,Other,4,True,City of Memphis,,,,,,,1622.1717322948932,City of Memphis
301036595,2025-08-29,2025-08-29 20:39:00,2025,8,Friday,20,35.06132,-90.029419,Fatal,Pedestrian,Intersection-On Roadway not in Crosswalk,Non-Junction,Dark-Not Lighted,Not Collision with Motor Vehicle in Transport,Pedestrian,1,True,City of Memphis,,,,,,,516.7199710751071,City of Memphis
301040020,2025-09-17,2025-09-17 21:28:00,2025,9,Wednesday,21,35.15216,-89.9513,Possible Injury,Pedestrian,Not Intersection-Bike Path,Non-Junction,Dark-Lighted,Not Collision with Motor Vehicle in Transport,Pedestrian,1,True,City of Memphis,,,,,,,305.6768823863827,City of Memphis
301043431,2025-10-07,2025-10-07 08:02:00,2025,10,Tuesday,8,35.07825,-89.9936,Possible Injury,Pedestrian,Not Intersection-Outside Traffic,Non-Junction,Daylight,Not Collision with Motor Vehicle in Transport,Pedestrian,1,True,City of Memphis,,,,,,,2323.666678701968,City of Memphis
301040912,2025-09-18,2025-09-18 07:32:00,2025,9,Thursday,7,35.226534,-89.846818,Suspected Serious Injury,Pedestrian,Intersection-In Crosswalk,Intersection-Related,Daylight,Not Collision with Motor Vehicle in Transport,Pedestrian,1,False,Suburban-Shelby,,,,,,,,Suburban-Shelby
301041355,2025-09-23,2025-09-23 15:07:00,2025,9,Tuesday,15,35.34266,-89.910934,No Injury,Pedestrian,Unknown,Non-Junction,Daylight,Unknown,Other,2,False,Suburban-Shelby,,,,,,,,Suburban-Shelby
301040476,2025-09-20,2025-09-20 08:05:00,2025,9,Saturday,8,35.16808,-89.93954,No Injury,Pedestrian,Not Intersection-Other Not On Roadway,Intersection,Daylight,Not Collision with Motor Vehicle in Transport,Other,1,True,City of Memphis,,,,,,,550.1395581038408,City of Memphis
301040919,2025-09-23,2025-09-23 17:05:00,2025,9,Tuesday,17,35.09142,-89.906944,No Injury,Pedestrian,Intersection-In Crosswalk,Intersection,Daylight,Not Collision with Motor Vehicle in Transport,Pedestrian,1,True,City of Memphis,,,,,,,2531.34989513454,City of Memphis
301023291,2025-06-14,2025-06-14 05:15:00,2025,6,Saturday,5,35.10749,-89.930664,Fatal,Pedestrian,Not Intersection-On Roadway Not In Crosswalk,Non-Junction,Dark-Lighted,Not Collision with Motor Vehicle in Transport,Pedestrian,1,True,City of Memphis,,,,,,,1857.8450042654704,City of Memphis
301046014,2025-10-23,2025-10-23 09:25:00,2025,10,Thursday,9,35.177326,-89.93802,Suspected Minor Injury,Pedestrian,Intersection-On Roadway not in Crosswalk,Intersection,Daylight,Not Collision with Motor Vehicle in Transport,Pedestrian,1,True,TDOT state route,JACKSON AVE,Principal Arterial,40.0,6.0,14,7.0,3.1061729446216577,TDOT
301045971,2025-10-17,2025-10-17 18:30:00,2025,10,Friday,18,35.138756,-90.03589,Possible Injury,Pedestrian,Intersection-In Crosswalk,Intersection,Dark-Lighted,Not Collision with Motor Vehicle in Transport,Pedestrian,1,True,TDOT state route,UNION AVE,Principal Arterial,35.0,5.0,3,6.0,4.756497215816589,TDOT
301045897,2025-10-22,2025-10-22 19:28:00,2025,10,Wednesday,19,35.006374,-90.00265,No Injury,Pedestrian,Not Intersection-Other Not On Roadway,AccelDecelLane,Dark-Lighted,Other,Other,2,True,City of Memphis,,,,,,,1630.1982347992075,City of Memphis
301045998,2025-10-21,2025-10-21 15:20:00,2025,10,Tuesday,15,35.199173,-89.94291,Possible Injury,Pedestrian,Not Intersection-On Roadway Crosswalk not Available,Intersection-Related,Daylight,Not Collision with Motor Vehicle in Transport,Pedestrian,1,True,City of Memphis,,,,,,,1630.0299942078664,City of Memphis
301046096,2025-10-21,2025-10-21 13:05:00,2025,10,Tuesday,13,35.169518,-89.97556,Possible Injury,Pedestrian,Intersection-On Roadway not in Crosswalk,Intersection,Daylight,Not Collision with Motor Vehicle in Transport,Pedestrian,1,True,City of Memphis,,,,,,,1278.4483554440867,City of Memphis
301049595,2025-11-07,2025-11-07 18:45:00,2025,11,Friday,18,35.182797,-89.871076,Possible Injury,Pedestrian,Intersection-In Crosswalk,Intersection,Dark-Lighted,Not Collision with Motor Vehicle in Transport,Pedestrian,1,True,City of Memphis,,,,,,,949.2899377645092,City of Memphis
301049242,2025-11-08,2025-11-08 18:45:00,2025,11,Saturday,18,35.16192,-89.91128,Suspected Serious Injury,Pedestrian,Not Intersection-On Roadway Crosswalk Availability Unknown,Non-Junction,Dark-Lighted,Not Collision with Motor Vehicle in Transport,Pedestrian,1,True,City of Memphis,,,,,,,1146.1570188591038,City of Memphis
301048242,2025-11-03,2025-11-03 16:19:00,2025,11,Monday,16,35.149467,-89.94452,Suspected Serious Injury,Pedestrian,Not Intersection-On Roadway Not In Crosswalk,Intersection,Daylight,Not Collision with Motor Vehicle in Transport,Pedestrian,1,True,City of Memphis,SUMMER AVE,Principal Arterial,40.0,7.0,1,5.0,4.627535045821193,TDOT
301034346,2025-08-17,2025-08-17 22:57:00,2025,8,Sunday,22,35.076591,-89.951198,Fatal,Pedestrian,Not Intersection-On Roadway Not In Crosswalk,Non-Junction,Dark-Lighted,Not Collision with Motor Vehicle in Transport,Pedestrian,1,True,City of Memphis,LAMAR AVE,Principal Arterial,40.0,7.0,4,4.0,3.632508571363938,TDOT
301035572,2025-08-23,2025-08-23 23:23:00,2025,8,Saturday,23,35.091473,-89.949425,Fatal,Pedestrian,Not Intersection-On Roadway Not In Crosswalk,Non-Junction,Dark-Lighted,Front to Rear,Other,1,True,City of Memphis,,,,,,,1267.669577651367,City of Memphis
301050826,2025-11-16,2025-11-16 16:30:00,2025,11,Sunday,16,35.1069,-90.02119,Suspected Serious Injury,Pedestrian,Intersection-On Roadway not in Crosswalk,Intersection,Daylight,Not Collision with Motor Vehicle in Transport,Pedestrian,1,True,City of Memphis,ELVIS PRESLEY BLVD,Minor Arterial,40.0,4.0,3,4.0,1.141694593306949,TDOT
301048285,2025-11-03,2025-11-03 12:00:00,2025,11,Monday,12,35.148865,-90.04574,Possible Injury,Pedestrian,Not Intersection-On Roadway Crosswalk not Available,Non-Junction,Daylight,Not Collision with Motor Vehicle in Transport,Pedestrian,1,True,City of Memphis,,,,,,,207.8913092877068,City of Memphis
301049889,2025-11-12,2025-11-12 15:51:00,2025,11,Wednesday,15,35.135986,-90.0207,Possible Injury,Pedestrian,Intersection-In Crosswalk,Intersection,Daylight,Not Collision with Motor Vehicle in Transport,Pedestrian,1,True,TDOT state route,S BELLEVUE BLVD,Major Collector,35.0,4.0,3,6.0,0.4801831011155356,TDOT
301047258,2025-10-29,2025-10-29 15:30:00,2025,10,Wednesday,15,35.13248,-90.01326,Possible Injury,Pedestrian,Intersection-In Crosswalk,Intersection,Daylight,Not Collision with Motor Vehicle in Transport,Other,1,True,City of Memphis,,,,,,,447.19837869933457,City of Memphis
300980527,2024-10-14,2024-10-14 05:07:00,2024,10,Monday,5,35.136784,-90.04561,Fatal,Pedestrian,Not Intersection-On Roadway Not In Crosswalk,Unknown,Dark-Lighted,Unknown,Other,1,True,TDOT state route,DR MARTIN LUTHER KING JR AVE,Minor Arterial,35.0,2.0,208,6.0,5.043685059271308,TDOT
300990914,2024-12-13,2024-12-13 08:18:00,2024,12,Friday,8,35.116175,-90.060941,Fatal,Pedestrian,Intersection-On Roadway not in Crosswalk,Intersection,Daylight,Not Collision with Motor Vehicle in Transport,Pedestrian,1,True,City of Memphis,,,,,,,521.6936250086578,City of Memphis
301049708,2025-11-11,2025-11-11 17:51:00,2025,11,Tuesday,17,35.062656,-89.904495,Possible Injury,Pedestrian,Intersection-On Roadway not in Crosswalk,Non-Junction,Dark-Lighted,Not Collision with Motor Vehicle in Transport,Pedestrian,1,True,City of Memphis,,,,,,,2236.9060763310704,City of Memphis
301050264,2025-11-14,2025-11-14 14:03:00,2025,11,Friday,14,35.139484,-90.05103,Suspected Minor Injury,Pedestrian,Not Intersection-On Roadway Crosswalk not Available,Non-Junction,Daylight,Not Collision with Motor Vehicle in Transport,Pedestrian,1,True,City of Memphis,,,,,,,75.82993527703016,City of Memphis
300972137,2024-08-24,2024-08-24 01:00:00,2024,8,Saturday,1,35.151814,-90.04047,Fatal,Pedestrian,Not Intersection-On Roadway Not In Crosswalk,Non-Junction,Dark-Lighted,Not Collision with Motor Vehicle in Transport,Pedestrian,1,True,Interstate ramp,N DANNY THOMAS BLVD,Principal Arterial,35.0,5.0,1,7.0,1.4394652336138214,TDOT
301048401,2025-11-04,2025-11-04 09:14:00,2025,11,Tuesday,9,35.137985,-90.028175,Possible Injury,Pedestrian,Intersection-In Crosswalk,Intersection,Daylight,Not Collision with Motor Vehicle in Transport,Pedestrian,1,True,TDOT state route,UNION AVE,Principal Arterial,35.0,6.0,3,6.0,4.528239216543177,TDOT
300983238,2024-11-02,2024-11-02 23:02:00,2024,11,Saturday,23,35.050297,-89.87499,Fatal,Pedestrian,Intersection-Not on Roadway,Non-Junction,Dark-Lighted,Not Collision with Motor Vehicle in Transport,Pedestrian,1,True,City of Memphis,,,,,,,2918.6298902878225,City of Memphis
301047707,2025-10-31,2025-10-31 20:05:00,2025,10,Friday,20,35.049263,-89.856575,Possible Injury,Pedestrian,Intersection-On Roadway not in Crosswalk,Intersection,Dark-Lighted,Not Collision with Motor Vehicle in Transport,Pedestrian,1,True,City of Memphis,,,,,,,2201.683421987338,City of Memphis
301046948,2025-10-26,2025-10-26 11:00:00,2025,10,Sunday,11,35.17752,-89.91791,Possible Injury,Pedestrian,Not Intersection-On Roadway Not In Crosswalk,Non-Junction,Daylight,Not Collision with Motor Vehicle in Transport,Pedestrian,1,True,City of Memphis,,,,,,,1474.9637706576457,City of Memphis
301046854,2025-10-29,2025-10-29 00:40:00,2025,10,Wednesday,0,35.020817,-89.84946,Possible Injury,Pedestrian,Intersection-In Crosswalk,Intersection,Dark-Lighted,Not Collision with Motor Vehicle in Transport,Pedestrian,1,True,TDOT state route,,,,,,,42.08015651327057,City of Memphis
301047066,2025-10-26,2025-10-26 00:40:00,2025,10,Sunday,0,35.02085,-89.96364,Possible Injury,Pedestrian,Not Intersection-On Roadway Not In Crosswalk,Non-Junction,Dark-Lighted,Angle,Other,1,True,TDOT state route,E SHELBY DR,Principal Arterial,45.0,6.0,175,3.0,4.939292727594661,TDOT
301047141,2025-10-28,2025-10-28 11:50:00,2025,10,Tuesday,11,35.09177,-89.99178,Suspected Minor Injury,Pedestrian,Not Intersection-Unknown,Unknown,Daylight,Not Collision with Motor Vehicle in Transport,Pedestrian,1,True,City of Memphis,,,,,,,1531.8685847038255,City of Memphis
301049186,2025-11-08,2025-11-08 10:10:00,2025,11,Saturday,10,35.117653,-90.037735,Possible Injury,Pedestrian,Intersection-On Roadway Crosswalk Not Available,Intersection,Daylight,Not Collision with Motor Vehicle in Transport,Pedestrian,1,True,City of Memphis,,,,,,,783.037097364704,City of Memphis
301049136,2025-11-07,2025-11-07 18:38:00,2025,11,Friday,18,35.111393,-89.9459,Fatal,Pedestrian,Intersection-On Roadway not in Crosswalk,Non-Junction,Dark-Lighted,Not Collision with Motor Vehicle in Transport,Pedestrian,1,True,City of Memphis,,,,,,,1781.5055085456231,City of Memphis
301049205,2025-11-07,2025-11-07 21:38:00,2025,11,Friday,21,35.14287,-90.05234,Suspected Serious Injury,Pedestrian,Intersection-In Crosswalk,Intersection-Related,Dark-Lighted,Not Collision with Motor Vehicle in Transport,Pedestrian,1,True,City of Memphis,S SECOND ST,Minor Arterial,35.0,3.0,14,6.0,1.2370596699670575,TDOT
301050734,2025-11-14,2025-11-14 16:39:00,2025,11,Friday,16,35.124313,-89.88987,Suspected Minor Injury,Pedestrian,Intersection-On Roadway not in Crosswalk,Intersection,Daylight,Not Collision with Motor Vehicle in Transport,Pedestrian,1,True,City of Memphis,,,,,,,690.8556931501563,City of Memphis
301048196,2025-11-03,2025-11-03 07:00:00,2025,11,Monday,7,35.03538,-90.03478,Possible Injury,Pedestrian,Intersection-In Crosswalk,Intersection,Daylight,Not Collision with Motor Vehicle in Transport,Pedestrian,1,True,City of Memphis,,,,,,,877.4587800155003,City of Memphis
301047505,2025-10-29,2025-10-29 18:40:00,2025,10,Wednesday,18,35.156963,-90.03228,Suspected Minor Injury,Pedestrian,Intersection-On Roadway Crosswalk availability Unknown,Intersection,Dark-Not Lighted,Not Collision with Motor Vehicle in Transport,Pedestrian,1,True,TDOT state route,JACKSON AVE,Principal Arterial,35.0,4.0,14,7.0,6.103405584119004,TDOT
301049590,2025-11-11,2025-11-11 04:15:00,2025,11,Tuesday,4,35.107513,-90.05178,Possible Injury,Pedestrian,Intersection-On Roadway not in Crosswalk,Intersection,Dark-Lighted,Not Collision with Motor Vehicle in Transport,Pedestrian,1,True,City of Memphis,,,,,,,324.02188492390155,City of Memphis
301055054,2025-12-10,2025-12-10 12:10:00,2025,12,Wednesday,12,35.20884,-90.023155,Suspected Serious Injury,Pedestrian,Intersection-In Crosswalk,Intersection-Related,Daylight,Not Collision with Motor Vehicle in Transport,Pedestrian,1,True,City of Memphis,,,,,,,870.6858797411127,City of Memphis
301053102,2025-11-30,2025-11-30 00:00:00,2025,11,Sunday,99,35.244102,-90.00605,Suspected Serious Injury,Pedestrian,Intersection-On Roadway Crosswalk Not Available,Unknown,Unknown,Not Collision with Motor Vehicle in Transport,Pedestrian,1,True,City of Memphis,,,,,,,101.57246472121548,City of Memphis
301054792,2025-12-09,2025-12-09 07:40:00,2025,12,Tuesday,7,35.142853,-90.002884,Possible Injury,Pedestrian,Intersection-In Crosswalk,Intersection,Daylight,Not Collision with Motor Vehicle in Transport,Pedestrian,1,True,City of Memphis,,,,,,,805.8491113900137,City of Memphis