MstrRecNbrTxt,CollisionDate,CollisionDteTime,YearNmb,Month,DayOfWeek,Hour,Latitude,Longitude,InjuryClass,PersonType,NonMotoristLocation,RelationToJunction,LightCondition,MannerOfCollision,FirstHarmfulEvent,VictimsInCrash,InMemphis,Jurisdiction,StateRoute_NAME,StateRoute_F_System,StateRoute_SPDLIMIT,StateRoute_LANES,StateRoute_ALTNAME_1,StateRoute_Council_District,DistToStateRoute_m,Jurisdiction_prev
301064499,2026-02-10,2026-02-10 17:00:00,2026,2,Tuesday,17,35.15055,-89.97693,Possible Injury,Pedestrian,Intersection-In Crosswalk,Intersection,Daylight,Not Collision with Motor Vehicle in Transport,Pedestrian,2,True,City of Memphis,SUMMER AVE,Principal Arterial,35.0,5.0,1,5.0,4.809049077534227,TDOT
301068410,2026-03-05,2026-03-05 15:47:00,2026,3,Thursday,15,35.137707,-89.999671,Fatal,Pedestrian,Not Intersection-In Crosswalk,Non-Junction,Daylight,Not Collision with Motor Vehicle in Transport,Pedestrian,1,True,City of Memphis,,,,,,,278.0915883459914,City of Memphis
301065286,2026-02-15,2026-02-15 01:30:00,2026,2,Sunday,1,35.136803,-89.99027,Suspected Minor Injury,Pedestrian,Intersection-On Roadway not in Crosswalk,Intersection,Dark-Lighted,Not Collision with Motor Vehicle in Transport,Pedestrian,1,True,City of Memphis,,,,,,,286.27204832750624,City of Memphis
301039285,2025-09-14,2025-09-14 01:09:00,2025,9,Sunday,1,35.059162,-89.93354,Fatal,Pedestrian,Not Intersection-On Roadway Crosswalk not Available,Non-Junction,Dark-Lighted,Not Collision with Motor Vehicle in Transport,Pedestrian,1,True,City of Memphis,,,,,,,84.94960679341386,City of Memphis
300996151,2025-01-12,2025-01-12 19:16:00,2025,1,Sunday,19,35.122568,-90.054533,Fatal,Pedestrian,Intersection-On Roadway not in Crosswalk,Intersection-Related,Dark-Lighted,Not Collision with Motor Vehicle in Transport,Pedestrian,1,True,City of Memphis,,,,,,,41.74652639479327,City of Memphis
301050532,2025-11-15,2025-11-15 09:00:00,2025,11,Saturday,9,35.182857,-89.856219,Fatal,Pedestrian,Intersection-Not on Roadway,Non-Junction,Daylight,Not Collision with Motor Vehicle in Transport,Pedestrian,1,True,City of Memphis,,,,,,,85.60819612464158,City of Memphis
301067720,2026-03-01,2026-03-01 20:47:00,2026,3,Sunday,20,35.242843,-89.919394,Suspected Minor Injury,Pedestrian,Not Intersection-On Roadway Crosswalk not Available,Non-Junction,Dark-Not Lighted,Not Collision with Motor Vehicle in Transport,Pedestrian,1,True,City of Memphis,,,,,,,2239.6350784675874,City of Memphis
301068022,2026-03-03,2026-03-03 16:42:00,2026,3,Tuesday,16,35.051945,-90.00755,Possible Injury,Pedestrian,Not Intersection-On Roadway Crosswalk Availability Unknown,AccelDecelLane,Daylight,Not Collision with Motor Vehicle in Transport,Pedestrian,1,True,City of Memphis,,,,,,,1596.3703471335446,City of Memphis
301067817,2026-03-02,2026-03-02 12:10:00,2026,3,Monday,12,35.143955,-90.01564,Suspected Minor Injury,Pedestrian,Intersection-In Crosswalk,Intersection-Related,Daylight,Not Collision with Motor Vehicle in Transport,Pedestrian,1,True,City of Memphis,,,,,,,789.8753669485542,City of Memphis
301068051,2026-03-03,2026-03-03 20:00:00,2026,3,Tuesday,20,35.160507,-90.03022,Possible Injury,Pedestrian,Not Intersection-On Roadway Not In Crosswalk,Unknown,Dawn,Not Collision with Motor Vehicle in Transport,Pedestrian,1,True,City of Memphis,,,,,,,379.96636923390514,City of Memphis
301069129,2026-03-10,2026-03-10 07:20:00,2026,3,Tuesday,7,35.21943,-89.97326,Possible Injury,Pedestrian,Intersection-In Crosswalk,Intersection,Dawn,Not Collision with Motor Vehicle in Transport,Pedestrian,1,True,City of Memphis,,,,,,,4109.482548724659,City of Memphis
301069855,2026-03-13,2026-03-13 19:00:00,2026,3,Friday,19,35.01912,-90.04311,Possible Injury,Pedestrian,Not Intersection-On Roadway Not In Crosswalk,"Driveway, Alley Access, etc",Dark-Lighted,Not Collision with Motor Vehicle in Transport,Pedestrian,1,True,City of Memphis,,,,,,,200.051067669344,City of Memphis
301069704,2026-03-13,2026-03-13 08:00:00,2026,3,Friday,8,35.075638,-89.92319,Possible Injury,Pedestrian,Intersection-On Roadway Crosswalk Not Available,Non-Junction,Daylight,Not Collision with Motor Vehicle in Transport,Pedestrian,2,True,City of Memphis,,,,,,,764.5854042949028,City of Memphis
301063435,2026-02-04,2026-02-04 10:15:00,2026,2,Wednesday,10,35.232418,-89.879906,Possible Injury,Pedestrian,Intersection-On Roadway Crosswalk Not Available,Intersection,Daylight,Not Collision with Motor Vehicle in Transport,Pedestrian,1,False,Suburban-Shelby,,,,,,,,Suburban-Shelby
301074929,2026-04-12,2026-04-12 23:00:00,2026,4,Sunday,23,35.099876,-89.86282,Possible Injury,Pedestrian,Intersection-In Crosswalk,Intersection,Dark-Lighted,Not Collision with Motor Vehicle in Transport,Pedestrian,1,True,City of Memphis,,,,,,,275.5332039705707,City of Memphis
301073157,2026-04-02,2026-04-02 20:32:00,2026,4,Thursday,20,35.051453,-90.00747,Suspected Serious Injury,Pedestrian,Not Intersection-On Roadway Crosswalk not Available,Intersection-Related,Dark-Lighted,Not Collision with Motor Vehicle in Transport,Pedestrian,1,True,City of Memphis,,,,,,,1604.027423703318,City of Memphis
301072316,2026-03-28,2026-03-28 16:50:00,2026,3,Saturday,16,35.09949,-89.86321,Possible Injury,Pedestrian,Not Intersection-On Roadway Not In Crosswalk,Non-Junction,Daylight,Not Collision with Motor Vehicle in Transport,Pedestrian,1,True,City of Memphis,,,,,,,324.32765480174885,City of Memphis
301009788,2025-04-01,2025-04-01 21:16:00,2025,4,Tuesday,21,35.14281,-89.95136,Fatal,Pedestrian,Intersection-On Roadway Crosswalk Not Available,Intersection,Dark-Lighted,Not Collision with Motor Vehicle in Transport,Pedestrian,1,True,City of Memphis,,,,,,,731.4388335728005,City of Memphis
301073793,2026-04-05,2026-04-05 16:34:00,2026,4,Sunday,16,35.104935,-90.04287,Possible Injury,Pedestrian,Intersection-In Crosswalk,Intersection,Daylight,Not Collision with Motor Vehicle in Transport,Pedestrian,1,True,City of Memphis,,,,,,,1144.4596771282638,City of Memphis
301071113,2026-03-22,2026-03-22 01:30:00,2026,3,Sunday,1,35.020687,-89.95011,Suspected Serious Injury,Pedestrian,Not Intersection-Bike Path,Intersection-Related,Dark-Lighted,Not Collision with Motor Vehicle in Transport,Pedestrian,1,True,City of Memphis,E SHELBY DR,Principal Arterial,45.0,7.0,175,3.0,8.960424289511769,TDOT
301074948,2026-04-12,2026-04-12 21:32:00,2026,4,Sunday,21,35.125786,-90.00115,Suspected Serious Injury,Pedestrian,Not Intersection-Outside Traffic,"Driveway, Alley Access, etc",Dark-Lighted,Not Collision with Motor Vehicle in Transport,Pedestrian,1,True,City of Memphis,,,,,,,794.3394383053416,City of Memphis
301075525,2026-04-15,2026-04-15 19:39:00,2026,4,Wednesday,19,35.11159,-90.05228,Possible Injury,Pedestrian,Not Intersection-On Roadway Not In Crosswalk,Through Roadway,Dark-Lighted,Not Collision with Motor Vehicle in Transport,Pedestrian,1,True,City of Memphis,,,,,,,271.4963901173215,City of Memphis
301074651,2026-04-10,2026-04-10 15:57:00,2026,4,Friday,15,35.107227,-89.98316,No Injury,Pedestrian,Not Intersection-On Roadway Crosswalk Availability Unknown,OtherLocation,Daylight,Not Collision with Motor Vehicle in Transport,Pedestrian,1,True,City of Memphis,,,,,,,166.3334627697659,City of Memphis
301033012,2025-08-10,2025-08-10 01:02:00,2025,8,Sunday,1,35.054753,-89.8291,Fatal,Pedestrian,Not Intersection-Outside Traffic,Non-Junction,Dark-Lighted,Rear to Side,Other,1,True,TDOT state route,STATE ROUTE 385,Freeway and Expressway,65.0,3.0,NONCONNAH PKWY,2.0,3.657847971183304,TDOT
301076080,2026-04-18,2026-04-18 23:25:00,2026,4,Saturday,23,35.115795,-90.04454,Suspected Serious Injury,Pedestrian,Not Intersection-On Roadway Not In Crosswalk,Non-Junction,Dark-Lighted,Not Collision with Motor Vehicle in Transport,Pedestrian,1,True,City of Memphis,,,,,,,948.3194439630122,City of Memphis
301006644,2025-03-16,2025-03-16 01:59:00,2025,3,Sunday,1,35.168148,-89.86397,Fatal,Pedestrian,Not Intersection-On Roadway Not In Crosswalk,Non-Junction,Dark-Lighted,Not Collision with Motor Vehicle in Transport,Pedestrian,1,True,City of Memphis,,,,,,,589.5564986513074,City of Memphis
301075323,2026-04-14,2026-04-14 01:40:00,2026,4,Tuesday,1,35.09949,-89.86321,Possible Injury,Pedestrian,Not Intersection-On Roadway Not In Crosswalk,OtherLocation,Dark-Lighted,Not Collision with Motor Vehicle in Transport,Pedestrian,1,True,City of Memphis,,,,,,,324.32765480174885,City of Memphis
301075328,2026-04-14,2026-04-14 17:39:00,2026,4,Tuesday,17,35.064632,-89.86523,Possible Injury,Pedestrian,Intersection-On Roadway not in Crosswalk,Non-Junction,Daylight,Not Collision with Motor Vehicle in Transport,Pedestrian,1,True,City of Memphis,,,,,,,1110.3417985693902,City of Memphis
301071963,2026-03-26,2026-03-26 16:00:00,2026,3,Thursday,16,35.031788,-90.03665,Possible Injury,Pedestrian,Intersection-On Roadway Crosswalk Not Available,Intersection,Daylight,Not Collision with Motor Vehicle in Transport,Pedestrian,1,True,City of Memphis,,,,,,,1047.2708173794936,City of Memphis
301074437,2026-04-09,2026-04-09 20:00:00,2026,4,Thursday,20,35.21758,-89.994064,Possible Injury,Pedestrian,Not Intersection-On Roadway Crosswalk not Available,Intersection-Related,Dawn,Angle,Other,1,True,City of Memphis,,,,,,,2677.8980087144173,City of Memphis
301072757,2026-03-31,2026-03-31 19:54:00,2026,3,Tuesday,19,35.099113,-89.8451,Fatal,Pedestrian,Not Intersection-On Roadway Not In Crosswalk,AccelDecelLane,Dark-Lighted,Not Collision with Motor Vehicle in Transport,Pedestrian,1,False,Suburban-Shelby,,,,,,,,Suburban-Shelby
301074447,2026-04-09,2026-04-09 19:18:00,2026,4,Thursday,19,35.221107,-89.97553,Suspected Minor Injury,Pedestrian,Not Intersection-On Roadway Not In Crosswalk,AccelDecelLane,Daylight,Not Collision with Motor Vehicle in Transport,Pedestrian,1,True,City of Memphis,,,,,,,3833.442738510477,City of Memphis
301071977,2026-03-26,2026-03-26 21:05:00,2026,3,Thursday,21,35.07205,-89.93236,Suspected Serious Injury,Pedestrian,Not Intersection-On Roadway Not In Crosswalk,AccelDecelLane,Dark-Lighted,Not Collision with Motor Vehicle in Transport,Pedestrian,1,True,City of Memphis,,,,,,,38.209779523471546,City of Memphis
301076761,2026-04-22,2026-04-22 13:07:00,2026,4,Wednesday,13,35.00787,-90.046455,No Injury,Pedestrian,Not Intersection-Adjacent to Roadway,SharedUsePathOrTrail,Daylight,Not Collision with Motor Vehicle in Transport,Other,2,True,City of Memphis,,,,,,,1445.1893112437056,City of Memphis
301075347,2026-04-14,2026-04-14 20:20:00,2026,4,Tuesday,20,35.20799,-89.91052,Suspected Serious Injury,Pedestrian,Not Intersection-On Roadway Crosswalk not Available,Through Roadway,Dark-Unknown Lighting,Not Collision with Motor Vehicle in Transport,Pedestrian,1,True,City of Memphis,,,,,,,179.23657467089214,City of Memphis
301028565,2025-07-15,2025-07-15 20:00:00,2025,7,Tuesday,20,35.101875,-89.859383,Fatal,Pedestrian,Not Intersection-On Roadway Not In Crosswalk,Non-Junction,Dusk,Not Collision with Motor Vehicle in Transport,Pedestrian,1,True,City of Memphis,POPLAR AVE,Principal Arterial,40.0,7.0,57,2.0,4.482872765848111,TDOT
301069679,2026-03-10,2026-03-10 12:20:00,2026,3,Tuesday,12,35.035515,-90.02516,Suspected Minor Injury,Pedestrian,Intersection-In Crosswalk,Intersection,Daylight,Not Collision with Motor Vehicle in Transport,Pedestrian,1,True,TDOT state route,ELVIS PRESLEY BLVD,Principal Arterial,40.0,5.0,3,6.0,0.3167575447708924,TDOT
301073009,2026-04-01,2026-04-01 08:53:00,2026,4,Wednesday,8,35.148502,-89.92846,Possible Injury,Pedestrian,Intersection-On Roadway Crosswalk Not Available,Non-Junction,Daylight,Not Collision with Motor Vehicle in Transport,Pedestrian,1,True,City of Memphis,,,,,,,73.70705205821697,City of Memphis
301073690,2026-04-04,2026-04-04 13:00:00,2026,4,Saturday,13,35.142082,-90.03187,Possible Injury,Pedestrian,Not Intersection-On Roadway Not In Crosswalk,Intersection-Related,Daylight,Not Collision with Motor Vehicle in Transport,Pedestrian,1,True,City of Memphis,,,,,,,403.4662993468164,City of Memphis
301073359,2026-04-04,2026-04-04 04:13:00,2026,4,Saturday,4,35.105015,-90.02044,Possible Injury,Pedestrian,Intersection-On Roadway not in Crosswalk,Intersection,Dark-Unknown Lighting,Not Collision with Motor Vehicle in Transport,Pedestrian,1,True,TDOT state route,ELVIS PRESLEY BLVD,Minor Arterial,40.0,4.0,3,4.0,25.160586964638348,TDOT
301072003,2026-03-26,2026-03-26 18:23:00,2026,3,Thursday,18,35.148026,-90.05299,Possible Injury,Pedestrian,Intersection-On Roadway not in Crosswalk,Intersection,Daylight,Not Collision with Motor Vehicle in Transport,Pedestrian,1,True,City of Memphis,,,,,,,232.6702927487761,City of Memphis
301073707,2026-04-03,2026-04-03 07:20:00,2026,4,Friday,7,35.31694,-89.90166,No Injury,Pedestrian,Unknown,Non-Junction,Daylight,Not Collision with Motor Vehicle in Transport,Other,1,False,Suburban-Shelby,,,,,,,,Suburban-Shelby
301021460,2025-05-31,2025-05-31 23:45:00,2025,5,Saturday,23,35.0613,-90.05918,Fatal,Pedestrian,Not Intersection-On Roadway Not In Crosswalk,Non-Junction,Dark-Lighted,Not Collision with Motor Vehicle in Transport,Pedestrian,1,True,TDOT state route,S THIRD ST,Principal Arterial,45.0,7.0,14,6.0,19.467945836418004,TDOT
301002080,2025-02-16,2025-02-16 03:05:00,2025,2,Sunday,3,35.088028,-89.931046,Fatal,Pedestrian,Intersection-Unknown,Intersection,Dark-Lighted,Not Collision with Motor Vehicle in Transport,Pedestrian,1,True,City of Memphis,,,,,,,837.549091773716,City of Memphis
301070937,2026-03-20,2026-03-20 19:45:00,2026,3,Friday,19,35.000706,-90.015594,Possible Injury,Pedestrian,Intersection-On Roadway Crosswalk Not Available,Intersection-Related,Dark-Lighted,Not Collision with Motor Vehicle in Transport,Pedestrian,1,True,City of Memphis,,,,,,,890.5950381739507,City of Memphis
301076569,2026-04-21,2026-04-21 17:43:00,2026,4,Tuesday,17,35.155178,-89.97616,Possible Injury,Pedestrian,Intersection-On Roadway not in Crosswalk,Through Roadway,Daylight,Not Collision with Motor Vehicle in Transport,Pedestrian,1,True,City of Memphis,,,,,,,311.9939495430041,City of Memphis
301073322,2026-04-03,2026-04-03 18:02:00,2026,4,Friday,18,35.061916,-89.885826,Possible Injury,Pedestrian,Not Intersection-On Roadway Not In Crosswalk,Through Roadway,Daylight,Not Collision with Motor Vehicle in Transport,Pedestrian,1,True,City of Memphis,,,,,,,2249.9886007677123,City of Memphis
301076345,2026-04-20,2026-04-20 08:40:00,2026,4,Monday,8,35.06133,-89.928825,Suspected Serious Injury,Pedestrian,Not Intersection-Outside Traffic,Non-Junction,Daylight,Not Collision with Motor Vehicle in Transport,Pedestrian,1,True,City of Memphis,,,,,,,197.08619372043248,City of Memphis
301070742,2026-03-19,2026-03-19 17:18:00,2026,3,Thursday,17,35.040314,-89.82702,Possible Injury,Pedestrian,Intersection-In Crosswalk,Intersection,Daylight,Not Collision with Motor Vehicle in Transport,Pedestrian,1,True,City of Memphis,,,,,,,1374.5268311036054,City of Memphis
301072428,2026-03-29,2026-03-29 15:35:00,2026,3,Sunday,15,35.05159,-90.00781,Possible Injury,Pedestrian,Intersection-Not on Roadway,Non-Junction,Daylight,Angle,Other,1,True,City of Memphis,,,,,,,1572.9085117991187,City of Memphis
301074031,2026-04-07,2026-04-07 08:15:00,2026,4,Tuesday,8,35.145485,-90.04989,Possible Injury,Pedestrian,Intersection-In Crosswalk,Intersection,Daylight,Not Collision with Motor Vehicle in Transport,Pedestrian,1,True,City of Memphis,N THIRD ST,Minor Arterial,35.0,3.0,3,6.0,5.4989885529656926,TDOT
301079968,2026-05-09,2026-05-09 15:00:00,2026,5,Saturday,15,35.10211,-89.865555,Possible Injury,Pedestrian,Not Intersection-Other Not On Roadway,Non-Junction,Daylight,Not Collision with Motor Vehicle in Transport,Pedestrian,1,True,TDOT state route,,,,,,,36.596365217025536,City of Memphis
301079472,2026-05-07,2026-05-07 09:04:00,2026,5,Thursday,9,35.14011,-89.96166,Possible Injury,Pedestrian,Intersection-On Roadway not in Crosswalk,Through Roadway,Daylight,Not Collision with Motor Vehicle in Transport,Pedestrian,1,True,City of Memphis,,,,,,,486.0395620641466,City of Memphis
301077119,2026-04-23,2026-04-23 20:40:00,2026,4,Thursday,20,35.1334,-89.980545,Fatal,Pedestrian,Not Intersection-On Roadway Not In Crosswalk,Non-Junction,Dark-Lighted,Front to Rear,Other,1,True,TDOT state route,UNION AVE,Principal Arterial,35.0,7.0,23,5.0,4.591611917599473,TDOT
301032468,2025-08-07,2025-08-07 04:07:00,2025,8,Thursday,4,35.15228,-90.04579,Fatal,Pedestrian,Not Intersection-On Roadway Crosswalk not Available,Non-Junction,Dark-Lighted,Not Collision with Motor Vehicle in Transport,Pedestrian,1,True,Interstate (TDOT),,,,,,,123.53587085938744,City of Memphis
301052594,2025-11-26,2025-11-26 05:37:00,2025,11,Wednesday,5,35.074295,-90.00193,Fatal,Pedestrian,Not Intersection-Adjacent to Roadway,Non-Junction,Dark-Lighted,Front to Rear,Other,2,True,Interstate (TDOT),,,,,,,1654.653217609795,City of Memphis
300933529,2024-01-03,2024-01-03 18:25:00,2024,1,Wednesday,18,35.048794,-89.92077,Fatal,Pedestrian,Not Intersection-On Roadway Not In Crosswalk,Non-Junction,Dark-Lighted,Not Collision with Motor Vehicle in Transport,Pedestrian,1,True,City of Memphis,,,,,,,100.28217402207024,City of Memphis
301078671,2026-05-03,2026-05-03 19:10:00,2026,5,Sunday,19,35.161133,-89.917366,Suspected Serious Injury,Pedestrian,Intersection-On Roadway Crosswalk Not Available,Intersection,Daylight,Not Collision with Motor Vehicle in Transport,Pedestrian,1,True,City of Memphis,,,,,,,1350.859328121981,City of Memphis
301079833,2026-05-08,2026-05-08 20:48:00,2026,5,Friday,20,35.221107,-89.97553,Suspected Serious Injury,Pedestrian,Intersection-Unknown,Intersection,Dusk,Not Collision with Motor Vehicle in Transport,Pedestrian,1,True,City of Memphis,,,,,,,3833.442738510477,City of Memphis
301078016,2026-04-29,2026-04-29 10:55:00,2026,4,Wednesday,10,35.144867,-90.05153,Possible Injury,Pedestrian,Not Intersection-On Roadway Crosswalk not Available,AccelDecelLane,Daylight,Not Collision with Motor Vehicle in Transport,Other,1,True,City of Memphis,S SECOND ST,Minor Arterial,35.0,3.0,3,6.0,1.6045868898518296,TDOT
301061148,2026-01-17,2026-01-17 10:00:00,2026,1,Saturday,10,35.07157,-90.0211,Fatal,Pedestrian,Not Intersection-On Roadway Crosswalk not Available,Non-Junction,Daylight,Not Collision with Motor Vehicle in Transport,Pedestrian,1,True,Interstate (TDOT),ELVIS PRESLEY BLVD,Minor Arterial,40.0,4.0,3,6.0,1.5858426191165067,TDOT
301078947,2026-05-03,2026-05-03 12:01:00,2026,5,Sunday,12,35.106583,-89.89539,Suspected Serious Injury,Pedestrian,Intersection-In Crosswalk,Intersection-Related,Daylight,Not Collision with Motor Vehicle in Transport,Pedestrian,1,True,City of Memphis,,,,,,,588.4932749318444,City of Memphis
301077034,2026-04-23,2026-04-23 22:42:00,2026,4,Thursday,22,35.10871,-89.97572,Fatal,Pedestrian,Not Intersection-On Roadway Not In Crosswalk,Non-Junction,Dark-Lighted,Not Collision with Motor Vehicle in Transport,Pedestrian,1,True,City of Memphis,,,,,,,834.7511733893234,City of Memphis
301047539,2025-10-29,2025-10-29 15:22:00,2025,10,Wednesday,15,35.23621,-90.00019,Suspected Serious Injury,Pedestrian,Intersection-On Roadway not in Crosswalk,Intersection,Daylight,Not Collision with Motor Vehicle in Transport,Pedestrian,1,True,City of Memphis,,,,,,,1033.3614692256624,City of Memphis
301081746,2026-05-18,2026-05-18 17:39:00,2026,5,Monday,17,35.104298,-89.97926,No Injury,Pedestrian,Unknown,Non-Junction,Daylight,Not Collision with Motor Vehicle in Transport,Other,1,True,City of Memphis,,,,,,,265.76464044333403,City of Memphis
301061695,2026-01-20,2026-01-20 12:50:00,2026,1,Tuesday,12,35.07659,-89.951195,Fatal,Pedestrian,Intersection-In Crosswalk,Entrance/Exit Ramp Related,Daylight,Not Collision with Motor Vehicle in Transport,Pedestrian,1,True,City of Memphis,LAMAR AVE,Principal Arterial,40.0,7.0,4,4.0,3.5209749691146155,TDOT
301077017,2026-04-23,2026-04-23 20:20:00,2026,4,Thursday,20,35.01894,-90.04959,Suspected Serious Injury,Pedestrian,Not Intersection-On Roadway Not In Crosswalk,Through Roadway,Dark-Lighted,Not Collision with Motor Vehicle in Transport,Pedestrian,1,True,City of Memphis,,,,,,,212.18974419184963,City of Memphis
301077018,2026-04-23,2026-04-23 22:00:00,2026,4,Thursday,22,35.209473,-90.03271,Possible Injury,Pedestrian,Intersection-Unknown,Intersection,Dark-Lighted,Not Collision with Motor Vehicle in Transport,Pedestrian,1,True,TDOT state route,THOMAS ST,,40.0,2.0,3,7.0,1.0786823203816067,TDOT
301072422,2026-03-29,2026-03-29 20:40:00,2026,3,Sunday,20,35.14176,-90.04817,Fatal,Pedestrian,Not Intersection-On Roadway Not In Crosswalk,Intersection,Dawn,Not Collision with Motor Vehicle in Transport,Pedestrian,1,True,TDOT state route,UNION AVE,Minor Arterial,35.0,5.0,3,6.0,4.231060327454137,TDOT
301079340,2026-05-06,2026-05-06 15:55:00,2026,5,Wednesday,15,35.08793,-89.946815,Possible Injury,Pedestrian,Not Intersection-Outside Traffic,"Driveway, Alley Access, etc",Daylight,Not Collision with Motor Vehicle in Transport,Pedestrian,1,True,City of Memphis,,,,,,,1162.5997572111444,City of Memphis
301081352,2026-05-16,2026-05-16 17:51:00,2026,5,Saturday,17,35.134354,-89.83459,Possible Injury,Pedestrian,Intersection-On Roadway Crosswalk Not Available,Non-Junction,Daylight,Not Collision with Motor Vehicle in Transport,Pedestrian,1,True,City of Memphis,,,,,,,3045.5292867125727,City of Memphis
301078082,2026-04-28,2026-04-28 20:00:00,2026,4,Tuesday,20,35.0536,-90.019104,Possible Injury,Pedestrian,Intersection-On Roadway not in Crosswalk,Intersection,Dark-Lighted,Not Collision with Motor Vehicle in Transport,Pedestrian,1,True,City of Memphis,,,,,,,540.2223371974999,City of Memphis
301078876,2026-05-04,2026-05-04 16:01:00,2026,5,Monday,16,35.156944,-90.04743,Fatal,Pedestrian,Not Intersection-On Roadway Not In Crosswalk,AccelDecelLane,Daylight,Not Collision with Motor Vehicle in Transport,Pedestrian,1,True,City of Memphis,,,,,,,61.26872083478026,City of Memphis
301014888,2025-04-28,2025-04-28 22:48:00,2025,4,Monday,22,35.06494,-89.90679,Fatal,Pedestrian,Intersection-On Roadway not in Crosswalk,Non-Junction,Dark-Lighted,Not Collision with Motor Vehicle in Transport,Pedestrian,1,True,City of Memphis,,,,,,,2246.139860973679,City of Memphis
301057819,2025-12-26,2025-12-26 21:42:00,2025,12,Friday,21,35.072655,-89.98633,Fatal,Pedestrian,Not Intersection-Unknown,Intersection,Dark-Lighted,Not Collision with Motor Vehicle in Transport,Pedestrian,1,True,City of Memphis,,,,,,,2634.500981822921,City of Memphis
301079367,2026-04-29,2026-04-29 11:45:00,2026,4,Wednesday,11,35.11443,-89.943054,Possible Injury,Pedestrian,Intersection-In Crosswalk,Intersection,Daylight,Not Collision with Motor Vehicle in Transport,Pedestrian,1,True,City of Memphis,,,,,,,1390.5433572680788,City of Memphis
301036961,2025-09-01,2025-09-01 23:10:00,2025,9,Monday,23,35.177515,-89.861159,Suspected Serious Injury,Pedestrian,Not Intersection-On Roadway Crosswalk not Available,Non-Junction,Dark-Lighted,Not Collision with Motor Vehicle in Transport,Pedestrian,1,True,TDOT state route,,,,,,,119.8559683930522,City of Memphis
301079037,2026-05-05,2026-05-05 06:00:00,2026,5,Tuesday,6,35.051704,-90.01452,No Injury,Pedestrian,Intersection-Not on Roadway,AccelDecelLane,Dawn,Not Collision with Motor Vehicle in Transport,Other,1,True,City of Memphis,,,,,,,960.6554347716024,City of Memphis
301019499,2025-05-22,2025-05-22 21:48:00,2025,5,Thursday,21,35.167316,-89.94523,Fatal,Pedestrian,Not Intersection-On Roadway Crosswalk not Available,Non-Junction,Dark-Lighted,Not Collision with Motor Vehicle in Transport,Pedestrian,1,True,City of Memphis,,,,,,,274.7968933315731,City of Memphis
301077875,2026-04-25,2026-04-25 16:50:00,2026,4,Saturday,16,35.160507,-90.03022,Possible Injury,Pedestrian,Intersection-On Roadway not in Crosswalk,Intersection,Daylight,Not Collision with Motor Vehicle in Transport,Pedestrian,1,True,City of Memphis,,,,,,,379.96636923390514,City of Memphis
301081368,2026-05-16,2026-05-16 23:43:00,2026,5,Saturday,23,35.138874,-90.058,Possible Injury,Pedestrian,Not Intersection-Outside Traffic,Intersection-Related,Dark-Lighted,Angle,Other,1,True,City of Memphis,,,,,,,314.2209278613448,City of Memphis
301077901,2026-04-28,2026-04-28 16:00:00,2026,4,Tuesday,16,35.079296,-90.05733,Suspected Minor Injury,Pedestrian,Not Intersection-Unknown,AccelDecelLane,Daylight,Angle,Other,1,True,TDOT state route,S THIRD ST,Principal Arterial,40.0,5.0,14,6.0,0.0822730516659195,TDOT
301065830,2026-02-18,2026-02-18 06:52:00,2026,2,Wednesday,6,35.109688,-90.02922,Fatal,Pedestrian,Not Intersection-On Roadway Crosswalk not Available,Non-Junction,Dawn,Not Collision with Motor Vehicle in Transport,Pedestrian,1,True,City of Memphis,,,,,,,679.0105178131615,City of Memphis
301078187,2026-04-30,2026-04-30 18:35:00,2026,4,Thursday,18,35.14742,-89.88427,No Injury,Pedestrian,Not Intersection-Outside Traffic,Non-Junction,Daylight,Angle,Other,1,True,City of Memphis,,,,,,,719.7211401873622,City of Memphis
300957664,2024-05-17,2024-05-17 20:53:00,2024,5,Friday,20,35.1073,-90.04194,Fatal,Pedestrian,Intersection-On Roadway not in Crosswalk,Non-Junction,Dark-Lighted,Not Collision with Motor Vehicle in Transport,Pedestrian,1,True,City of Memphis,,,,,,,1221.4547653615823,City of Memphis
301082509,2026-05-20,2026-05-20 16:15:00,2026,5,Wednesday,16,35.219179,-89.79697,Possible Injury,Pedestrian,Not Intersection-On Roadway Crosswalk not Available,Non-Junction,Daylight,Not Collision with Motor Vehicle in Transport,Pedestrian,2,False,Suburban-Shelby,,,,,,,,Suburban-Shelby