MstrRecNbrTxt,CollisionDate,CollisionDteTime,YearNmb,Month,DayOfWeek,Hour,Latitude,Longitude,InjuryClass,PersonType,NonMotoristLocation,RelationToJunction,LightCondition,MannerOfCollision,FirstHarmfulEvent,VictimsInCrash,InMemphis,Jurisdiction,StateRoute_NAME,StateRoute_F_System,StateRoute_SPDLIMIT,StateRoute_LANES,StateRoute_ALTNAME_1,StateRoute_Council_District,DistToStateRoute_m,Jurisdiction_prev
301085161,2026-06-07,2026-06-07 09:08:00,2026,6,Sunday,9,35.143417,-90.006004,Suspected Minor Injury,Pedestrian,Not Intersection-On Roadway Not In Crosswalk,Non-Junction,Daylight,Not Collision with Motor Vehicle in Transport,Other,1,True,City of Memphis,,,,,,,834.0943055300941,City of Memphis
301084357,2026-06-02,2026-06-02 17:45:00,2026,6,Tuesday,17,35.086903,-89.97048,No Injury,Pedestrian,Not Intersection-Outside Traffic,Intersection-Related,Daylight,Angle,Other,1,True,City of Memphis,,,,,,,552.8718889290313,City of Memphis
301082844,2026-05-25,2026-05-25 00:00:00,2026,5,Monday,99,35.108906,-90.00335,Suspected Serious Injury,Pedestrian,Intersection-Unknown,Unknown,Unknown,Unknown,Other,1,True,City of Memphis,,,,,,,802.8813077972484,City of Memphis
301084359,2026-06-02,2026-06-02 15:00:00,2026,6,Tuesday,15,35.088875,-89.96287,Possible Injury,Pedestrian,Intersection-Not on Roadway,Intersection,Daylight,Not Collision with Motor Vehicle in Transport,Pedestrian,1,True,City of Memphis,,,,,,,150.19648826316762,City of Memphis
301017287,2025-05-11,2025-05-11 23:42:00,2025,5,Sunday,23,35.151276,-89.94446,Suspected Serious Injury,Pedestrian,Not Intersection-On Roadway Crosswalk not Available,Non-Junction,Dark-Lighted,Not Collision with Motor Vehicle in Transport,Pedestrian,1,True,City of Memphis,,,,,,,195.94192324546808,City of Memphis
301085919,2026-06-11,2026-06-11 22:50:00,2026,6,Thursday,22,35.115646,-90.03716,Suspected Serious Injury,Pedestrian,Not Intersection-On Roadway Not In Crosswalk,Non-Junction,Dark-Lighted,Not Collision with Motor Vehicle in Transport,Pedestrian,1,True,City of Memphis,,,,,,,1011.1121846127872,City of Memphis
301082549,2026-05-22,2026-05-22 02:50:00,2026,5,Friday,2,35.17474,-89.979675,Suspected Serious Injury,Pedestrian,Not Intersection-Unknown,Through Roadway,Dark-Lighted,Not Collision with Motor Vehicle in Transport,Pedestrian,1,True,City of Memphis,,,,,,,1795.7390630781397,City of Memphis
301082557,2026-05-22,2026-05-22 19:42:00,2026,5,Friday,19,35.150623,-89.97994,Suspected Minor Injury,Pedestrian,Not Intersection-On Roadway Crosswalk not Available,Intersection-Related,Dark-Lighted,Not Collision with Motor Vehicle in Transport,Pedestrian,1,True,TDOT state route,SUMMER AVE,Principal Arterial,35.0,6.0,1,5.0,29.053536563294745,TDOT
300966431,2024-07-16,2024-07-16 20:56:00,2024,7,Tuesday,20,35.07365,-89.900955,Fatal,Pedestrian,Not Intersection-On Roadway Not In Crosswalk,AccelDecelLane,Dark-Lighted,Not Collision with Motor Vehicle in Transport,Pedestrian,1,True,City of Memphis,,,,,,,2386.830723853393,City of Memphis
301083087,2026-05-26,2026-05-26 17:59:00,2026,5,Tuesday,17,35.073963,-89.91918,Possible Injury,Pedestrian,Not Intersection-On Roadway Not In Crosswalk,AccelDecelLane,Dawn,Not Collision with Motor Vehicle in Transport,Pedestrian,1,True,City of Memphis,,,,,,,1143.9804879983965,City of Memphis
301084410,2026-06-02,2026-06-02 20:04:00,2026,6,Tuesday,20,35.14776,-89.97406,Possible Injury,Pedestrian,Intersection-On Roadway not in Crosswalk,Intersection-Related,Dawn,Not Collision with Motor Vehicle in Transport,Pedestrian,1,True,City of Memphis,,,,,,,282.3438965877799,City of Memphis
301083684,2026-05-29,2026-05-29 13:24:00,2026,5,Friday,13,35.123043,-90.04289,Possible Injury,Pedestrian,Not Intersection-On Roadway Not In Crosswalk,Non-Junction,Daylight,Not Collision with Motor Vehicle in Transport,Pedestrian,1,True,City of Memphis,,,,,,,139.727753529296,City of Memphis
301049362,2025-11-08,2025-11-08 17:03:00,2025,11,Saturday,17,35.14743,-90.02614,Fatal,Pedestrian,Not Intersection-Outside Traffic,Intersection,Daylight,Not Collision with Motor Vehicle in Transport,Pedestrian,1,True,City of Memphis,,,,,,,810.6376369487522,City of Memphis
301083130,2026-05-26,2026-05-26 17:18:00,2026,5,Tuesday,17,35.064816,-89.929436,Suspected Serious Injury,Pedestrian,Not Intersection-On Roadway Not In Crosswalk,AccelDecelLane,Daylight,Angle,Other,1,True,City of Memphis,,,,,,,263.460910794813,City of Memphis
301083138,2026-05-26,2026-05-26 22:14:00,2026,5,Tuesday,22,35.175045,-89.952995,Possible Injury,Pedestrian,Intersection-On Roadway Crosswalk Not Available,AccelDecelLane,Dark-Lighted,Not Collision with Motor Vehicle in Transport,Pedestrian,1,True,City of Memphis,,,,,,,836.6377439727005,City of Memphis
301050619,2025-11-16,2025-11-16 21:23:00,2025,11,Sunday,21,35.135696,-90.00856,Fatal,Pedestrian,Intersection-On Roadway Crosswalk Not Available,Intersection,Dark-Not Lighted,Not Collision with Motor Vehicle in Transport,Pedestrian,1,True,City of Memphis,,,,,,,43.0781747334769,City of Memphis
301086210,2026-06-13,2026-06-13 18:08:00,2026,6,Saturday,18,35.09006,-89.96577,Possible Injury,Pedestrian,Intersection-On Roadway Crosswalk Not Available,Intersection-Related,Dawn,Not Collision with Motor Vehicle in Transport,Pedestrian,1,True,TDOT state route,LAMAR AVE,Principal Arterial,40.0,5.0,4,4.0,2.5100181329235807,TDOT
301086396,2026-06-14,2026-06-14 17:45:00,2026,6,Sunday,17,35.105953,-89.98519,Possible Injury,Pedestrian,Not Intersection-On Roadway Not In Crosswalk,Through Roadway,Daylight,Not Collision with Motor Vehicle in Transport,Pedestrian,1,True,TDOT state route,AIRWAYS BLVD,Principal Arterial,35.0,5.0,277,4.0,4.253475210364219,TDOT
301086649,2026-06-10,2026-06-10 04:00:00,2026,6,Wednesday,4,34.99923,-89.996284,No Injury,Pedestrian,Not Intersection-Unknown,Unknown,Dark-Lighted,Not Collision with Motor Vehicle in Transport,Other,1,True,City of Memphis,,,,,,,2423.1879907008883,City of Memphis
301084458,2026-06-03,2026-06-03 15:19:00,2026,6,Wednesday,15,35.137985,-90.028175,Suspected Serious Injury,Pedestrian,Intersection-On Roadway not in Crosswalk,Intersection-Related,Daylight,Not Collision with Motor Vehicle in Transport,Pedestrian,1,True,TDOT state route,UNION AVE,Principal Arterial,35.0,6.0,3,6.0,4.528239216543177,TDOT
300922722,2023-11-09,2023-11-09 17:35:00,2023,11,Thursday,17,35.02193,-89.85966,Fatal,Pedestrian,Intersection-On Roadway Crosswalk availability Unknown,Intersection-Related,Dark-Lighted,Not Collision with Motor Vehicle in Transport,Pedestrian,1,True,City of Memphis,,,,,,,170.06354847177352,City of Memphis
301086226,2026-06-13,2026-06-13 11:35:00,2026,6,Saturday,11,35.10014,-89.987175,Suspected Serious Injury,Pedestrian,Not Intersection-On Roadway Crosswalk Availability Unknown,Non-Junction,Daylight,Not Collision with Motor Vehicle in Transport,Pedestrian,1,True,City of Memphis,,,,,,,541.806760606801,City of Memphis
301082426,2026-05-16,2026-05-16 18:15:00,2026,5,Saturday,18,35.233694,-89.884181,Possible Injury,Pedestrian,Not Intersection-Adjacent to Roadway,Intersection-Related,Daylight,Not Collision with Motor Vehicle in Transport,Pedestrian,1,False,Suburban-Shelby,,,,,,,,Suburban-Shelby
301085130,2026-06-07,2026-06-07 20:38:00,2026,6,Sunday,20,35.09702,-89.93052,Suspected Serious Injury,Pedestrian,Intersection-In Crosswalk,Intersection,Dark-Lighted,Not Collision with Motor Vehicle in Transport,Pedestrian,1,True,City of Memphis,,,,,,,1836.2349010341825,City of Memphis
301084953,2026-06-05,2026-06-05 21:26:00,2026,6,Friday,21,35.174706,-89.977776,Suspected Minor Injury,Pedestrian,Intersection-On Roadway not in Crosswalk,Intersection,Dark-Lighted,Not Collision with Motor Vehicle in Transport,Pedestrian,1,True,City of Memphis,,,,,,,1837.7133662286144,City of Memphis
301084079,2026-05-30,2026-05-30 14:26:00,2026,5,Saturday,14,35.2313,-89.96782,No Injury,Pedestrian,Intersection-Not on Roadway,Non-Junction,Daylight,Unknown,Other,1,True,City of Memphis,,,,,,,3764.5854587933086,City of Memphis
301082802,2026-05-24,2026-05-24 20:30:00,2026,5,Sunday,20,35.07397,-89.905876,Suspected Serious Injury,Pedestrian,Not Intersection-On Roadway Not In Crosswalk,Non-Junction,Dusk,Not Collision with Motor Vehicle in Transport,Pedestrian,1,True,City of Memphis,,,,,,,2353.495591834213,City of Memphis
301084105,2026-05-31,2026-05-31 18:30:00,2026,5,Sunday,18,35.134834,-90.027626,Possible Injury,Pedestrian,Intersection-In Crosswalk,Through Roadway,Daylight,Not Collision with Motor Vehicle in Transport,Pedestrian,1,True,TDOT state route,S SOMERVILLE ST,Minor Arterial,30.0,2.0,208,6.0,4.312071701446079,TDOT
301089995,2026-07-05,2026-07-05 21:30:00,2026,7,Sunday,21,35.21314,-90.00916,Suspected Serious Injury,Pedestrian,Not Intersection-On Roadway Not In Crosswalk,Through Roadway,Dark-Lighted,Not Collision with Motor Vehicle in Transport,Pedestrian,1,True,City of Memphis,,,,,,,1828.795835353539,City of Memphis
301090426,2026-07-07,2026-07-07 09:44:00,2026,7,Tuesday,9,35.205616,-89.73298,Possible Injury,Pedestrian,Intersection-On Roadway Crosswalk availability Unknown,Intersection-Related,Daylight,Not Collision with Motor Vehicle in Transport,Other,1,True,TDOT state route,US HIGHWAY 64,Principal Arterial,55.0,5.0,15,1.0,6.9983130391793,TDOT
301090706,2026-07-08,2026-07-08 10:00:00,2026,7,Wednesday,10,35.088844,-89.9649,Possible Injury,Pedestrian,Intersection-In Crosswalk,Intersection,Daylight,Not Collision with Motor Vehicle in Transport,Pedestrian,1,True,TDOT state route,LAMAR AVE,Principal Arterial,40.0,5.0,4,4.0,7.896348845421152,TDOT
301087459,2026-06-20,2026-06-20 18:50:00,2026,6,Saturday,18,35.148525,-89.90743,Possible Injury,Pedestrian,Not Intersection-On Roadway Not In Crosswalk,Non-Junction,Daylight,Not Collision with Motor Vehicle in Transport,Pedestrian,1,True,TDOT state route,SUMMER AVE,Principal Arterial,40.0,7.0,1,5.0,24.34858401603212,TDOT
301091090,2026-07-11,2026-07-11 00:00:00,2026,7,Saturday,99,35.096195,-89.997635,No Injury,Other Non-Motorist,Unknown,Intersection-Related,Unknown,Angle,Other,1,True,City of Memphis,,,,,,,1488.5578124755932,City of Memphis
301086391,2026-06-14,2026-06-14 21:50:00,2026,6,Sunday,21,35.175377,-90.02148,Possible Injury,Pedestrian,Intersection-In Crosswalk,Intersection,Dark-Lighted,Not Collision with Motor Vehicle in Transport,Pedestrian,1,True,City of Memphis,,,,,,,1309.1783208767388,City of Memphis
301086991,2026-06-16,2026-06-16 23:20:00,2026,6,Tuesday,23,35.107895,-89.98464,Suspected Serious Injury,Pedestrian,Intersection-On Roadway not in Crosswalk,AccelDecelLane,Dark-Lighted,Not Collision with Motor Vehicle in Transport,Pedestrian,1,True,City of Memphis,AIRWAYS BLVD,Principal Arterial,35.0,5.0,277,4.0,27.47017187975971,TDOT
301086941,2026-06-16,2026-06-16 15:47:00,2026,6,Tuesday,15,35.236862,-89.93903,Possible Injury,Pedestrian,Not Intersection-On Roadway Not In Crosswalk,Intersection-Related,Daylight,Not Collision with Motor Vehicle in Transport,Pedestrian,1,True,City of Memphis,,,,,,,3205.0644250086825,City of Memphis
301069106,2026-03-10,2026-03-10 05:00:00,2026,3,Tuesday,5,35.175415,-89.97533,Fatal,Pedestrian,Not Intersection-On Roadway Not In Crosswalk,Non-Junction,Dark-Lighted,Not Collision with Motor Vehicle in Transport,Pedestrian,1,True,City of Memphis,,,,,,,1932.2519989666469,City of Memphis
301090186,2026-07-06,2026-07-06 22:34:00,2026,7,Monday,22,35.108857,-89.995672,Suspected Serious Injury,Pedestrian,Not Intersection-On Roadway Not In Crosswalk,Non-Junction,Dark-Lighted,Not Collision with Motor Vehicle in Transport,Pedestrian,1,True,City of Memphis,,,,,,,371.004181493284,City of Memphis
301090250,2026-07-04,2026-07-04 21:39:00,2026,7,Saturday,21,35.12752,-89.774086,Possible Injury,Pedestrian,Not Intersection-On Roadway Crosswalk not Available,Non-Junction,Dark-Lighted,Not Collision with Motor Vehicle in Transport,Pedestrian,1,True,City of Memphis,,,,,,,2150.393125678536,City of Memphis
301092403,2026-07-19,2026-07-19 00:00:00,2026,7,Sunday,99,35.08613,-89.93971,Suspected Serious Injury,Pedestrian,Intersection-On Roadway Crosswalk Not Available,Intersection,Unknown,Not Collision with Motor Vehicle in Transport,Pedestrian,1,True,City of Memphis,,,,,,,990.1670221379876,City of Memphis
301091335,2026-07-13,2026-07-13 20:20:00,2026,7,Monday,20,35.185516,-89.92818,No Injury,Pedestrian,Unknown,AccelDecelLane,Dark-Lighted,Not Collision with Motor Vehicle in Transport,Other,1,True,City of Memphis,,,,,,,203.62283489626543,City of Memphis
301092404,2026-07-20,2026-07-20 00:30:00,2026,7,Monday,0,35.092815,-89.935936,No Injury,Pedestrian,Not Intersection-Outside Traffic,Non-Junction,Dark-Lighted,Not Collision with Motor Vehicle in Transport,Other,1,True,City of Memphis,,,,,,,1432.0445476794353,City of Memphis
301089020,2026-06-27,2026-06-27 21:36:00,2026,6,Saturday,21,35.145916,-90.03486,Possible Injury,Pedestrian,Intersection-On Roadway not in Crosswalk,Intersection-Related,Dark-Lighted,Not Collision with Motor Vehicle in Transport,Pedestrian,1,True,City of Memphis,,,,,,,795.0678962832359,City of Memphis
301089856,2026-07-04,2026-07-04 23:45:00,2026,7,Saturday,23,35.141994,-90.04908,Possible Injury,Pedestrian,Not Intersection-On Roadway Crosswalk Availability Unknown,Intersection,Dark-Not Lighted,Not Collision with Motor Vehicle in Transport,Pedestrian,1,True,City of Memphis,UNION AVE,Minor Arterial,35.0,5.0,3,6.0,5.0178996676787415,TDOT
301089861,2026-07-04,2026-07-04 21:25:00,2026,7,Saturday,21,35.21638,-89.89551,Possible Injury,Pedestrian,Not Intersection-On Roadway Not In Crosswalk,AccelDecelLane,Dark-Lighted,Not Collision with Motor Vehicle in Transport,Pedestrian,1,True,TDOT state route,,,,,,,105.32911924423098,City of Memphis
301087330,2026-06-19,2026-06-19 17:55:00,2026,6,Friday,17,35.105698,-89.878204,Suspected Minor Injury,Pedestrian,Not Intersection-On Roadway Not In Crosswalk,Intersection-Related,Daylight,Not Collision with Motor Vehicle in Transport,Pedestrian,1,True,TDOT state route,,,,,,,33.24928176741871,City of Memphis
301090975,2026-07-10,2026-07-10 10:50:00,2026,7,Friday,10,35.145847,-89.95656,Possible Injury,Pedestrian,Intersection-On Roadway not in Crosswalk,Intersection-Related,Daylight,Not Collision with Motor Vehicle in Transport,Pedestrian,1,True,City of Memphis,,,,,,,398.9942340364164,City of Memphis
301025278,2025-06-25,2025-06-25 22:21:00,2025,6,Wednesday,22,35.083027,-89.92271,Fatal,Pedestrian,Intersection-On Roadway not in Crosswalk,Intersection,Dark-Lighted,Not Collision with Motor Vehicle in Transport,Other,1,True,City of Memphis,,,,,,,833.0628298615674,City of Memphis
301090517,2026-07-08,2026-07-08 22:30:00,2026,7,Wednesday,22,35.142082,-90.03187,Possible Injury,Pedestrian,Intersection-Unknown,Entrance/Exit Ramp Related,Dark-Lighted,Not Collision with Motor Vehicle in Transport,Pedestrian,1,True,City of Memphis,,,,,,,403.4662993468164,City of Memphis
301078384,2026-04-30,2026-04-30 20:49:00,2026,4,Thursday,20,35.150913,-89.98125,Suspected Serious Injury,Pedestrian,Intersection-In Crosswalk,Intersection,Daylight,Not Collision with Motor Vehicle in Transport,Pedestrian,1,True,TDOT state route,E PARKWAY,Principal Arterial,40.0,7.0,57,5.0,5.887332979204862,TDOT
301092758,2026-07-21,2026-07-21 15:10:00,2026,7,Tuesday,15,35.142,-90.04908,Possible Injury,Pedestrian,Intersection-In Crosswalk,Intersection,Daylight,Not Collision with Motor Vehicle in Transport,Pedestrian,1,True,TDOT state route,UNION AVE,Minor Arterial,35.0,5.0,3,6.0,4.384453242663626,TDOT
301092761,2026-07-21,2026-07-21 17:53:00,2026,7,Tuesday,17,35.12926,-89.949524,Possible Injury,Pedestrian,Not Intersection-On Roadway Crosswalk Availability Unknown,Non-Junction,Daylight,Not Collision with Motor Vehicle in Transport,Pedestrian,1,True,TDOT state route,,,,,,,32.96454421773032,City of Memphis
301090815,2026-07-09,2026-07-09 13:38:00,2026,7,Thursday,13,35.09949,-89.86321,Possible Injury,Pedestrian,Intersection-In Crosswalk,Through Roadway,Daylight,Not Collision with Motor Vehicle in Transport,Pedestrian,1,True,City of Memphis,,,,,,,324.32765480174885,City of Memphis
301089766,2026-07-03,2026-07-03 21:30:00,2026,7,Friday,21,35.104225,-89.88371,Possible Injury,Pedestrian,Not Intersection-On Roadway Crosswalk not Available,Non-Junction,Dark-Lighted,Not Collision with Motor Vehicle in Transport,Pedestrian,1,True,City of Memphis,,,,,,,335.5680277801108,City of Memphis
301091044,2026-07-11,2026-07-11 21:16:00,2026,7,Saturday,21,35.060165,-89.84378,Possible Injury,Pedestrian,Intersection-In Crosswalk,Intersection,Dark-Lighted,Not Collision with Motor Vehicle in Transport,Pedestrian,1,True,City of Memphis,,,,,,,560.8842743372786,City of Memphis
301088653,2026-06-26,2026-06-26 21:50:00,2026,6,Friday,21,35.157948,-89.976006,Suspected Minor Injury,Pedestrian,Intersection-Unknown,Intersection,Dawn,Not Collision with Motor Vehicle in Transport,Pedestrian,1,True,City of Memphis,JACKSON AVE,Principal Arterial,40.0,5.0,14,7.0,4.681920593647033,TDOT
301092166,2026-07-18,2026-07-18 00:57:00,2026,7,Saturday,0,35.022,-90.00709,Suspected Serious Injury,Pedestrian,Not Intersection-On Roadway Crosswalk not Available,AccelDecelLane,Dark-Not Lighted,Not Collision with Motor Vehicle in Transport,Pedestrian,1,True,City of Memphis,,,,,,,103.50604241350304,City of Memphis
301086906,2026-06-16,2026-06-16 14:37:00,2026,6,Tuesday,14,35.02091,-90.08123,Possible Injury,Pedestrian,Not Intersection-On Roadway Not In Crosswalk,Non-Junction,Daylight,Not Collision with Motor Vehicle in Transport,Pedestrian,1,True,City of Memphis,W SHELBY DR,Minor Arterial,45.0,5.0,175,6.0,4.504456857177193,TDOT
301087214,2026-06-18,2026-06-18 05:09:00,2026,6,Thursday,5,35.064842,-89.92936,Suspected Serious Injury,Pedestrian,Intersection-Not on Roadway,Intersection,Dawn,Not Collision with Motor Vehicle in Transport,Pedestrian,1,True,City of Memphis,,,,,,,270.2562425761548,City of Memphis
301088221,2026-06-05,2026-06-05 14:17:00,2026,6,Friday,14,35.204797,-89.842405,Possible Injury,Pedestrian,Intersection-Not on Roadway,"Driveway, Alley Access, etc",Daylight,Not Collision with Motor Vehicle in Transport,Pedestrian,1,False,Suburban-Shelby,,,,,,,,Suburban-Shelby
301088677,2026-06-27,2026-06-27 01:00:00,2026,6,Saturday,1,35.081566,-89.98546,Possible Injury,Pedestrian,Intersection-On Roadway Crosswalk Not Available,Intersection,Dark-Lighted,Not Collision with Motor Vehicle in Transport,Pedestrian,1,True,City of Memphis,,,,,,,2013.6647312650305,City of Memphis
300990919,2024-12-12,2024-12-12 18:50:00,2024,12,Thursday,18,35.061245,-89.866714,Fatal,Pedestrian,Not Intersection-On Roadway Not In Crosswalk,Non-Junction,Dark-Not Lighted,Not Collision with Motor Vehicle in Transport,Pedestrian,1,True,City of Memphis,,,,,,,1491.196015308847,City of Memphis
301092622,2026-07-20,2026-07-20 16:03:00,2026,7,Monday,16,35.14036,-90.05172,Possible Injury,Pedestrian,Intersection-In Crosswalk,Intersection,Daylight,Not Collision with Motor Vehicle in Transport,Pedestrian,2,True,City of Memphis,S THIRD ST,Minor Arterial,35.0,3.0,14,6.0,1.1968502510781276,TDOT
301087581,2026-06-21,2026-06-21 20:18:00,2026,6,Sunday,20,35.11612,-89.90669,Suspected Minor Injury,Pedestrian,Intersection-On Roadway Crosswalk availability Unknown,Intersection,Dark-Lighted,Not Collision with Motor Vehicle in Transport,Pedestrian,1,True,City of Memphis,POPLAR AVE,Principal Arterial,40.0,7.0,57,5.0,3.7837593574200863,TDOT
301086616,2026-06-04,2026-06-04 21:00:00,2026,6,Thursday,21,35.356789,-89.894887,Suspected Serious Injury,Pedestrian,Not Intersection-On Roadway Not In Crosswalk,Non-Junction,Dark-Lighted,Not Collision with Motor Vehicle in Transport,Pedestrian,1,False,Suburban-Shelby,,,,,,,,Suburban-Shelby
301091563,2026-07-14,2026-07-14 18:22:00,2026,7,Tuesday,18,35.146473,-90.03697,Possible Injury,Pedestrian,Intersection-On Roadway not in Crosswalk,Intersection,Daylight,Not Collision with Motor Vehicle in Transport,Pedestrian,1,True,City of Memphis,,,,,,,625.904139219938,City of Memphis
301045948,2025-10-20,2025-10-20 11:15:00,2025,10,Monday,11,35.137028,-89.973434,Fatal,Pedestrian,Not Intersection-On Roadway Not In Crosswalk,Non-Junction,Daylight,"Sideswipe, Same Direction",Other,1,True,TDOT state route,POPLAR AVE,Principal Arterial,40.0,7.0,57,5.0,4.272525740041603,TDOT
301096611,2026-08-13,2026-08-13 00:30:00,2026,8,Thursday,0,35.176876,-89.83668,Possible Injury,Pedestrian,Intersection-On Roadway not in Crosswalk,Entrance/Exit Ramp Related,Dark-Lighted,Not Collision with Motor Vehicle in Transport,Pedestrian,1,True,Interstate ramp,,,,,,,1877.5237401833583,City of Memphis
301083723,2026-05-30,2026-05-30 00:50:00,2026,5,Saturday,0,35.109856,-89.88973,Fatal,Pedestrian,Not Intersection-On Roadway Crosswalk not Available,Intersection-Related,Dark-Lighted,Not Collision with Motor Vehicle in Transport,Pedestrian,1,True,TDOT state route,POPLAR AVE,Principal Arterial,40.0,7.0,57,5.0,3.779460038369111,TDOT
301093390,2026-07-24,2026-07-24 22:10:00,2026,7,Friday,22,35.135464,-90.002884,Fatal,Pedestrian,Not Intersection-On Roadway Crosswalk not Available,Intersection-Related,Dark-Lighted,Not Collision with Motor Vehicle in Transport,Pedestrian,1,True,TDOT state route,UNION AVE,Principal Arterial,35.0,6.0,23,5.0,6.948871931964814,TDOT
301095885,2026-08-06,2026-08-06 13:33:00,2026,8,Thursday,13,35.11604,-90.055214,Possible Injury,Pedestrian,Intersection-On Roadway Crosswalk availability Unknown,Intersection,Daylight,Not Collision with Motor Vehicle in Transport,Pedestrian,1,True,City of Memphis,S THIRD ST,Principal Arterial,40.0,5.0,14,6.0,0.5214254683854173,TDOT
301094710,2026-08-01,2026-08-01 22:12:00,2026,8,Saturday,22,35.181942,-89.97655,Suspected Serious Injury,Pedestrian,Not Intersection-Other Not On Roadway,Through Roadway,Dark-Lighted,Not Collision with Motor Vehicle in Transport,Pedestrian,1,True,City of Memphis,,,,,,,2641.218420186578,City of Memphis
301095524,2026-08-06,2026-08-06 08:37:00,2026,8,Thursday,8,35.08655,-90.11144,No Injury,Pedestrian,Not Intersection-Outside Traffic,Rail Grade Crossing,Daylight,Not Collision with Motor Vehicle in Transport,Other,2,True,City of Memphis,,,,,,,4966.58031228969,City of Memphis
301093566,2026-07-25,2026-07-25 05:33:00,2026,7,Saturday,5,35.104927,-89.9826,Fatal,Pedestrian,Intersection-On Roadway not in Crosswalk,Non-Junction,Dark-Lighted,Not Collision with Motor Vehicle in Transport,Pedestrian,1,True,City of Memphis,,,,,,,133.5180290511542,City of Memphis
301095003,2026-08-04,2026-08-04 07:38:00,2026,8,Tuesday,7,35.07458,-89.878075,Possible Injury,Pedestrian,Intersection-On Roadway Crosswalk Not Available,Non-Junction,Daylight,Not Collision with Motor Vehicle in Transport,Pedestrian,1,True,City of Memphis,,,,,,,686.5599022860067,City of Memphis
301094049,2026-07-28,2026-07-28 14:03:00,2026,7,Tuesday,14,35.172173,-89.914246,Suspected Minor Injury,Pedestrian,Not Intersection-On Roadway Not In Crosswalk,Intersection-Related,Daylight,Not Collision with Motor Vehicle in Transport,Pedestrian,1,True,City of Memphis,,,,,,,1132.6681045845414,City of Memphis
301095546,2026-08-07,2026-08-07 00:00:00,2026,8,Friday,0,35.171684,-89.975235,Suspected Serious Injury,Pedestrian,Not Intersection-On Roadway Not In Crosswalk,Through Roadway,Dark-Lighted,Not Collision with Motor Vehicle in Transport,Pedestrian,1,True,City of Memphis,,,,,,,1518.2301034849618,City of Memphis
301096399,2026-08-11,2026-08-11 21:17:00,2026,8,Tuesday,21,35.04977,-89.85747,Suspected Serious Injury,Pedestrian,Not Intersection-On Roadway Crosswalk not Available,Non-Junction,Dark-Lighted,Not Collision with Motor Vehicle in Transport,Pedestrian,1,True,City of Memphis,,,,,,,2238.953896361769,City of Memphis
301081598,2026-05-14,2026-05-14 15:05:00,2026,5,Thursday,15,35.234589,-89.837991,Suspected Serious Injury,Pedestrian,Intersection-In Crosswalk,Intersection,Daylight,Not Collision with Motor Vehicle in Transport,Pedestrian,3,False,Suburban-Shelby,,,,,,,,Suburban-Shelby
301096452,2026-08-12,2026-08-12 06:50:00,2026,8,Wednesday,6,35.2124,-89.9238,Possible Injury,Pedestrian,Not Intersection-On Roadway Not In Crosswalk,Non-Junction,Daylight,Not Collision with Motor Vehicle in Transport,Pedestrian,1,True,City of Memphis,,,,,,,419.96836250985166,City of Memphis
301093813,2026-07-27,2026-07-27 22:05:00,2026,7,Monday,22,35.195087,-89.89963,Suspected Serious Injury,Pedestrian,Not Intersection-On Roadway Not In Crosswalk,Intersection,Dark-Not Lighted,Not Collision with Motor Vehicle in Transport,Pedestrian,1,True,City of Memphis,,,,,,,379.0994590317419,City of Memphis
301094602,2026-08-02,2026-08-02 02:40:00,2026,8,Sunday,2,35.213657,-89.9166,Possible Injury,Pedestrian,Intersection-On Roadway not in Crosswalk,Intersection,Dark-Lighted,Not Collision with Motor Vehicle in Transport,Pedestrian,1,True,TDOT state route,AUSTIN PEAY HWY,Principal Arterial,45.0,7.0,14,1.0,3.3514653372003917,TDOT
301094136,2026-07-29,2026-07-29 22:03:00,2026,7,Wednesday,22,35.169,-89.865364,Suspected Serious Injury,Pedestrian,Not Intersection-On Roadway Not In Crosswalk,Non-Junction,Dark-Not Lighted,Not Collision with Motor Vehicle in Transport,Pedestrian,1,True,City of Memphis,,,,,,,431.4935552697937,City of Memphis
301094433,2026-07-31,2026-07-31 21:38:00,2026,7,Friday,21,35.053303,-89.99127,Possible Injury,Pedestrian,Not Intersection-On Roadway Not In Crosswalk,Non-Junction,Dark-Lighted,Not Collision with Motor Vehicle in Transport,Pedestrian,1,True,City of Memphis,,,,,,,3069.9405766705345,City of Memphis