MstrRecNbrTxt,CollisionDate,CollisionDteTime,YearNmb,Month,DayOfWeek,Hour,Latitude,Longitude,InjuryClass,PersonType,NonMotoristLocation,RelationToJunction,LightCondition,MannerOfCollision,FirstHarmfulEvent,VictimsInCrash,InMemphis,Jurisdiction,StateRoute_NAME,StateRoute_F_System,StateRoute_SPDLIMIT,StateRoute_LANES,StateRoute_ALTNAME_1,StateRoute_Council_District,DistToStateRoute_m,Jurisdiction_prev
301096502,2026-08-12,2026-08-12 07:50:00,2026,8,Wednesday,7,35.177887,-89.974976,Possible Injury,Pedestrian,Intersection-On Roadway Crosswalk Not Available,Intersection,Daylight,Not Collision with Motor Vehicle in Transport,Pedestrian,1,True,City of Memphis,,,,,,,2201.5890682157224,City of Memphis
301097192,2026-08-16,2026-08-16 03:40:00,2026,8,Sunday,3,35.065907,-89.942213,Fatal,Pedestrian,Not Intersection-On Roadway Crosswalk not Available,Non-Junction,Dark-Not Lighted,Not Collision with Motor Vehicle in Transport,Pedestrian,1,True,TDOT state route,LAMAR AVE,Principal Arterial,40.0,7.0,4,4.0,5.609381735040643,TDOT
301096224,2026-08-06,2026-08-06 14:49:00,2026,8,Thursday,14,35.177018,-89.756176,Possible Injury,Pedestrian,Not Intersection-Outside Traffic,Intersection-Related,Daylight,Not Collision with Motor Vehicle in Transport,Other,1,False,Suburban-Shelby,,,,,,,,Suburban-Shelby
301093843,2026-07-22,2026-07-22 17:05:00,2026,7,Wednesday,17,35.294968,-89.964516,Fatal,Pedestrian,Not Intersection-On Roadway Crosswalk not Available,Non-Junction,Daylight,Not Collision with Motor Vehicle in Transport,Pedestrian,1,False,Suburban-Shelby,,,,,,,,Suburban-Shelby
301094615,2026-08-01,2026-08-01 19:37:00,2026,8,Saturday,19,35.06163,-90.02371,Suspected Serious Injury,Pedestrian,Intersection-In Crosswalk,"Driveway, Alley Access, etc",Daylight,Not Collision with Motor Vehicle in Transport,Pedestrian,1,True,City of Memphis,ELVIS PRESLEY BLVD,Principal Arterial,40.0,6.0,3,6.0,11.840609877551683,TDOT
301096784,2026-08-13,2026-08-13 17:30:00,2026,8,Thursday,17,35.21042,-90.04211,Possible Injury,Pedestrian,Intersection-On Roadway Crosswalk availability Unknown,Through Roadway,Daylight,Not Collision with Motor Vehicle in Transport,Pedestrian,1,True,City of Memphis,,,,,,,860.6438736288111,City of Memphis
301071209,2026-03-23,2026-03-23 03:18:00,2026,3,Monday,3,35.183582,-89.87671,Fatal,Pedestrian,Not Intersection-On Roadway Not In Crosswalk,Non-Junction,Dark-Lighted,Not Collision with Motor Vehicle in Transport,Pedestrian,1,True,City of Memphis,,,,,,,1399.298722893618,City of Memphis
301094646,2026-08-02,2026-08-02 05:10:00,2026,8,Sunday,5,35.020283,-89.955055,Possible Injury,Pedestrian,Intersection-Unknown,Intersection-Related,Dawn,Not Collision with Motor Vehicle in Transport,Pedestrian,1,True,City of Memphis,,,,,,,57.2999889173319,City of Memphis
301097684,2026-08-19,2026-08-19 02:40:00,2026,8,Wednesday,2,35.044685,-90.056244,No Injury,Other Non-Motorist,Unknown,Unknown,Dark-Lighted,Not Collision with Motor Vehicle in Transport,Other,1,True,City of Memphis,,,,,,,685.6871182383939,City of Memphis
301093089,2026-07-23,2026-07-23 05:15:00,2026,7,Thursday,5,35.24324,-89.931481,Fatal,Pedestrian,Not Intersection-On Roadway Crosswalk not Available,Non-Junction,Dark-Lighted,Not Collision with Motor Vehicle in Transport,Pedestrian,1,True,City of Memphis,,,,,,,3120.1503631795144,City of Memphis
301069623,2026-03-12,2026-03-12 16:20:00,2026,3,Thursday,16,35.208828,-90.011665,Fatal,Pedestrian,Not Intersection-On Roadway Not In Crosswalk,Intersection-Related,Daylight,Not Collision with Motor Vehicle in Transport,Pedestrian,1,True,City of Memphis,,,,,,,1902.3475893685409,City of Memphis
301071051,2026-03-21,2026-03-21 21:20:00,2026,3,Saturday,21,35.064884,-89.93243,Fatal,Pedestrian,Intersection-Unknown,Intersection,Dark-Lighted,Not Collision with Motor Vehicle in Transport,Pedestrian,1,True,TDOT state route,NEW GETWELL RD,Principal Arterial,40.0,2.0,176,3.0,0.3183575722021206,TDOT
301093148,2026-07-22,2026-07-22 21:09:00,2026,7,Wednesday,21,35.02085,-89.96364,Suspected Serious Injury,Other Non-Motorist,Not Intersection-On Roadway Not In Crosswalk,Non-Junction,Dark-Lighted,Front to Rear,Other,1,True,TDOT state route,E SHELBY DR,Principal Arterial,45.0,6.0,175,3.0,4.939292727594661,TDOT
301095135,2026-08-05,2026-08-05 03:10:00,2026,8,Wednesday,3,35.174644,-89.97543,Suspected Serious Injury,Pedestrian,Intersection-In Crosswalk,Intersection,Dark-Lighted,Not Collision with Motor Vehicle in Transport,Pedestrian,1,True,City of Memphis,,,,,,,1846.8770546868925,City of Memphis
301095121,2026-08-04,2026-08-04 23:00:00,2026,8,Tuesday,23,35.148716,-89.93196,Suspected Minor Injury,Pedestrian,Not Intersection-On Roadway Not In Crosswalk,OtherLocation,Dark-Lighted,Not Collision with Motor Vehicle in Transport,Pedestrian,1,True,TDOT state route,,,,,,,58.200697554837205,City of Memphis
301096076,2026-08-10,2026-08-10 09:00:00,2026,8,Monday,9,35.191555,-89.975784,No Injury,Pedestrian,Not Intersection-Unknown,Non-Junction,Daylight,Not Collision with Motor Vehicle in Transport,Pedestrian,1,True,Interstate (TDOT),,,,,,,3583.249500734013,City of Memphis
301093377,2026-07-24,2026-07-24 21:05:00,2026,7,Friday,21,35.23125,-89.96506,Possible Injury,Pedestrian,Intersection-On Roadway Crosswalk Not Available,Through Roadway,Dusk,Not Collision with Motor Vehicle in Transport,Pedestrian,1,True,City of Memphis,,,,,,,3973.531780406475,City of Memphis
301096365,2026-08-11,2026-08-11 16:50:00,2026,8,Tuesday,16,35.053303,-89.99127,Possible Injury,Pedestrian,Not Intersection-On Roadway Not In Crosswalk,AccelDecelLane,Daylight,Not Collision with Motor Vehicle in Transport,Pedestrian,1,True,City of Memphis,,,,,,,3069.9405766705345,City of Memphis
301101289,2026-09-07,2026-09-07 11:21:00,2026,9,Monday,11,35.143955,-90.01564,Possible Injury,Pedestrian,Intersection-In Crosswalk,Intersection,Daylight,Not Collision with Motor Vehicle in Transport,Pedestrian,1,True,City of Memphis,,,,,,,789.8753669485542,City of Memphis
301102679,2026-09-12,2026-09-12 19:58:00,2026,9,Saturday,19,35.277678,-90.025635,Suspected Serious Injury,Pedestrian,Intersection-On Roadway Crosswalk Not Available,Non-Junction,Dark-Not Lighted,Not Collision with Motor Vehicle in Transport,Pedestrian,1,False,Suburban-Shelby,,,,,,,,Suburban-Shelby
301098725,2026-08-24,2026-08-24 12:38:00,2026,8,Monday,12,35.132137,-89.856064,Fatal,Pedestrian,Not Intersection-In Crosswalk,Non-Junction,Daylight,Not Collision with Motor Vehicle in Transport,Pedestrian,1,True,City of Memphis,,,,,,,1072.966421462778,City of Memphis
301102689,2026-09-14,2026-09-14 14:40:00,2026,9,Monday,14,35.136646,-90.01465,Suspected Minor Injury,Pedestrian,Intersection-On Roadway not in Crosswalk,Intersection,Daylight,Not Collision with Motor Vehicle in Transport,Pedestrian,1,True,TDOT state route,UNION AVE,Principal Arterial,35.0,6.0,23,7.0,4.570733433076683,TDOT
301102431,2026-09-13,2026-09-13 23:17:00,2026,9,Sunday,23,35.076416,-89.931526,Suspected Serious Injury,Pedestrian,Not Intersection-On Roadway Not In Crosswalk,Non-Junction,Dark-Lighted,Not Collision with Motor Vehicle in Transport,Pedestrian,1,True,City of Memphis,GETWELL RD,Principal Arterial,40.0,7.0,176,4.0,0.1746264389950035,TDOT
301099680,2026-08-29,2026-08-29 18:15:00,2026,8,Saturday,18,35.20178,-89.807045,Possible Injury,Pedestrian,Intersection-On Roadway Crosswalk Not Available,Through Roadway,Daylight,Not Collision with Motor Vehicle in Transport,Pedestrian,1,True,City of Memphis,,,,,,,319.60518652493494,City of Memphis
301098264,2026-08-22,2026-08-22 03:20:00,2026,8,Saturday,3,35.16826,-89.86452,Suspected Serious Injury,Pedestrian,Not Intersection-On Roadway Not In Crosswalk,Intersection-Related,Dark-Lighted,Not Collision with Motor Vehicle in Transport,Pedestrian,1,True,City of Memphis,,,,,,,543.1408144178649,City of Memphis
301100754,2026-09-02,2026-09-02 17:34:00,2026,9,Wednesday,17,35.135254,-90.05002,Suspected Serious Injury,Pedestrian,Intersection-In Crosswalk,Intersection,Daylight,Not Collision with Motor Vehicle in Transport,Other,1,True,City of Memphis,,,,,,,228.5408393174983,City of Memphis
301025660,2025-06-28,2025-06-28 04:39:00,2025,6,Saturday,4,35.167934,-90.00019,Fatal,Pedestrian,Intersection-On Roadway Crosswalk Not Available,Intersection,Dark-Unknown Lighting,Not Collision with Motor Vehicle in Transport,Pedestrian,1,True,City of Memphis,,,,,,,773.3552146475448,City of Memphis
301101816,2026-09-08,2026-09-08 13:00:00,2026,9,Tuesday,13,35.105324,-89.98564,Fatal,Pedestrian,Not Intersection-In Crosswalk,Intersection,Daylight,Not Collision with Motor Vehicle in Transport,Pedestrian,1,True,TDOT state route,LAMAR AVE,Principal Arterial,40.0,5.0,4,4.0,3.344926198094228,TDOT
301018340,2025-05-15,2025-05-15 22:10:00,2025,5,Thursday,22,35.142204,-90.03157,Fatal,Pedestrian,Not Intersection-On Roadway Not In Crosswalk,Non-Junction,Dark-Lighted,Not Collision with Motor Vehicle in Transport,Pedestrian,1,True,City of Memphis,,,,,,,420.5362771524241,City of Memphis
301068787,2026-03-07,2026-03-07 21:25:00,2026,3,Saturday,21,35.107857,-89.962135,Suspected Serious Injury,Pedestrian,Not Intersection-On Roadway Not In Crosswalk,Non-Junction,Dark-Unknown Lighting,Not Collision with Motor Vehicle in Transport,Pedestrian,1,True,City of Memphis,,,,,,,1471.3173364099243,City of Memphis
301099501,2026-08-28,2026-08-28 15:43:00,2026,8,Friday,15,35.066723,-89.843605,Possible Injury,Pedestrian,Not Intersection-Adjacent to Roadway,Non-Junction,Daylight,Angle,Other,1,True,TDOT state route,STATE ROUTE 385,Freeway and Expressway,65.0,3.0,NONCONNAH PKWY,2.0,3.991584068948181,TDOT
301100184,2026-09-01,2026-09-01 08:30:00,2026,9,Tuesday,8,35.034378,-90.05157,Possible Injury,Pedestrian,Not Intersection-Bike Path,"Driveway, Alley Access, etc",Daylight,Not Collision with Motor Vehicle in Transport,Other,1,True,City of Memphis,,,,,,,1497.7964755213527,City of Memphis
301084184,2026-06-01,2026-06-01 22:30:00,2026,6,Monday,22,35.085995,-89.962364,Fatal,Pedestrian,Not Intersection-On Roadway Not In Crosswalk,Non-Junction,Dark-Lighted,Not Collision with Motor Vehicle in Transport,Pedestrian,1,True,TDOT state route,LAMAR AVE,Principal Arterial,40.0,5.0,4,4.0,2.890305868855618,TDOT
301098780,2026-08-24,2026-08-24 07:15:00,2026,8,Monday,7,35.173267,-90.00771,Possible Injury,Pedestrian,Intersection-On Roadway Crosswalk Not Available,Non-Junction,Daylight,Not Collision with Motor Vehicle in Transport,Pedestrian,1,True,City of Memphis,,,,,,,1489.938689531524,City of Memphis
301099008,2026-08-25,2026-08-25 22:35:00,2026,8,Tuesday,22,35.06311,-90.0592,Suspected Serious Injury,Pedestrian,Intersection-On Roadway not in Crosswalk,Intersection,Dark-Lighted,Not Collision with Motor Vehicle in Transport,Pedestrian,1,True,City of Memphis,S THIRD ST,Principal Arterial,45.0,7.0,14,6.0,0.4896950332508072,TDOT
301101141,2026-09-06,2026-09-06 01:48:00,2026,9,Sunday,1,35.19512,-89.79238,Possible Injury,Pedestrian,Not Intersection-Unknown,Non-Junction,Dark-Lighted,Not Collision with Motor Vehicle in Transport,Pedestrian,1,True,TDOT state route,N GERMANTOWN PKWY,Principal Arterial,45.0,7.0,177,1.0,0.3999424724383709,TDOT
301100538,2026-09-02,2026-09-02 20:33:00,2026,9,Wednesday,20,35.221336,-89.894196,Possible Injury,Pedestrian,Intersection-On Roadway not in Crosswalk,Through Roadway,Dark-Lighted,Not Collision with Motor Vehicle in Transport,Pedestrian,1,True,City of Memphis,COVINGTON PIKE,,40.0,5.0,204,1.0,0.0358320659752946,TDOT
301100540,2026-08-31,2026-08-31 21:12:00,2026,8,Monday,21,35.15837,-90.01507,Suspected Serious Injury,Pedestrian,Not Intersection-On Roadway Not In Crosswalk,Non-Junction,Dark-Lighted,Not Collision with Motor Vehicle in Transport,Pedestrian,1,True,TDOT state route,JACKSON AVE,Principal Arterial,35.0,4.0,14,7.0,4.809251655002903,TDOT
301099899,2026-08-31,2026-08-31 08:07:00,2026,8,Monday,8,35.015633,-90.02658,Suspected Minor Injury,Pedestrian,Not Intersection-On Roadway Not In Crosswalk,Through Roadway,Daylight,Not Collision with Motor Vehicle in Transport,Pedestrian,1,True,City of Memphis,,,,,,,123.26723657204596,City of Memphis
301102771,2026-09-14,2026-09-14 20:36:00,2026,9,Monday,20,35.101883,-89.87028,Fatal,Pedestrian,Not Intersection-Outside Traffic,Non-Junction,Dark-Lighted,Not Collision with Motor Vehicle in Transport,Pedestrian,1,True,TDOT state route,POPLAR AVE,Principal Arterial,40.0,3.0,57,5.0,4.382984339568191,TDOT
301102325,2026-09-13,2026-09-13 00:00:00,2026,9,Sunday,0,35.17911,-89.861206,Suspected Minor Injury,Pedestrian,Not Intersection-Adjacent to Roadway,Intersection,Dark-Not Lighted,Not Collision with Motor Vehicle in Transport,Pedestrian,1,True,City of Memphis,SUMMER AVE,Principal Arterial,45.0,4.0,1,1.0,3.3097291966119182,TDOT
301100278,2026-09-01,2026-09-01 20:00:00,2026,9,Tuesday,20,35.16857,-89.86386,Possible Injury,Pedestrian,Intersection-On Roadway Crosswalk availability Unknown,Non-Junction,Dawn,Not Collision with Motor Vehicle in Transport,Pedestrian,1,True,City of Memphis,,,,,,,567.2245773346496,City of Memphis
301101652,2026-09-09,2026-09-09 08:07:00,2026,9,Wednesday,8,35.128716,-90.02107,Possible Injury,Pedestrian,Intersection-In Crosswalk,Intersection,Daylight,Not Collision with Motor Vehicle in Transport,Pedestrian,1,True,TDOT state route,S BELLEVUE BLVD,Minor Arterial,35.0,4.0,3,6.0,0.7494499111183989,TDOT
301066701,2026-02-23,2026-02-23 22:18:00,2026,2,Monday,22,35.19489,-89.79239,Fatal,Pedestrian,Not Intersection-On Roadway Crosswalk not Available,Non-Junction,Dark-Not Lighted,Not Collision with Motor Vehicle in Transport,Pedestrian,1,True,TDOT state route,N GERMANTOWN PKWY,Principal Arterial,45.0,7.0,177,1.0,0.4098703647731037,TDOT
301101676,2026-09-09,2026-09-09 07:45:00,2026,9,Wednesday,7,35.099407,-89.93087,Possible Injury,Pedestrian,Intersection-In Crosswalk,Intersection,Daylight,Not Collision with Motor Vehicle in Transport,Pedestrian,2,True,City of Memphis,,,,,,,2100.043579057684,City of Memphis
301098364,2026-08-22,2026-08-22 19:15:00,2026,8,Saturday,19,35.155006,-89.886444,Possible Injury,Pedestrian,Intersection-On Roadway not in Crosswalk,Intersection-Related,Daylight,Not Collision with Motor Vehicle in Transport,Pedestrian,1,True,TDOT state route,SUMMER AVE,Principal Arterial,40.0,5.0,1,5.0,5.554843224408257,TDOT
301085015,2026-06-07,2026-06-07 01:05:00,2026,6,Sunday,1,35.06263,-89.91606,Fatal,Pedestrian,Intersection-On Roadway Crosswalk Not Available,Intersection,Dark-Lighted,Not Collision with Motor Vehicle in Transport,Pedestrian,1,True,City of Memphis,,,,,,,1370.2440760912411,City of Memphis
301102189,2026-09-11,2026-09-11 23:40:00,2026,9,Friday,23,35.178204,-89.837234,No Injury,Other Non-Motorist,Unknown,Intersection,Dark-Lighted,Not Collision with Motor Vehicle in Transport,Other,1,True,City of Memphis,,,,,,,1744.0065261452824,City of Memphis
301098884,2026-08-24,2026-08-24 05:42:00,2026,8,Monday,5,35.006416,-90.06072,Possible Injury,Pedestrian,Not Intersection-Adjacent to Roadway,AccelDecelLane,Dark-Not Lighted,Not Collision with Motor Vehicle in Transport,Pedestrian,2,True,City of Memphis,,,,,,,1616.7245248068025,City of Memphis
301102643,2026-09-13,2026-09-13 22:50:00,2026,9,Sunday,22,35.135544,-90.00078,Possible Injury,Pedestrian,Intersection-Unknown,Intersection,Dark-Lighted,Not Collision with Motor Vehicle in Transport,Pedestrian,1,True,TDOT state route,UNION AVE,Principal Arterial,35.0,6.0,23,5.0,27.117338093801006,TDOT
301102647,2026-09-14,2026-09-14 15:35:00,2026,9,Monday,15,35.178997,-89.849144,Possible Injury,Pedestrian,Not Intersection-Outside Traffic,Non-Junction,Daylight,Not Collision with Motor Vehicle in Transport,Pedestrian,1,True,City of Memphis,,,,,,,855.0239248116595,City of Memphis
301101982,2026-09-10,2026-09-10 21:14:00,2026,9,Thursday,21,35.129837,-89.797615,Suspected Serious Injury,Pedestrian,Intersection-On Roadway not in Crosswalk,Non-Junction,Dark-Not Lighted,Not Collision with Motor Vehicle in Transport,Pedestrian,1,True,TDOT state route,S GERMANTOWN PKWY,Principal Arterial,50.0,6.0,177,2.0,1.6830061939331695,TDOT
301099614,2026-08-27,2026-08-27 17:06:00,2026,8,Thursday,17,35.1519,-90.01281,Possible Injury,Pedestrian,Not Intersection-Bike Path,AccelDecelLane,Daylight,Not Collision with Motor Vehicle in Transport,Pedestrian,1,True,City of Memphis,,,,,,,104.88426356361282,City of Memphis
301101750,2026-09-09,2026-09-09 14:58:00,2026,9,Wednesday,14,35.136547,-90.02067,Possible Injury,Pedestrian,Intersection-On Roadway Crosswalk availability Unknown,Through Roadway,Daylight,Not Collision with Motor Vehicle in Transport,Pedestrian,1,True,TDOT state route,S BELLEVUE BLVD,Major Collector,35.0,4.0,3,6.0,2.490350726459009,TDOT
301096413,2026-08-12,2026-08-12 03:58:00,2026,8,Wednesday,3,35.046463,-90.025276,Suspected Minor Injury,Pedestrian,Not Intersection-On Roadway Not In Crosswalk,Non-Junction,Dark-Lighted,Not Collision with Motor Vehicle in Transport,Other,1,True,TDOT state route,ELVIS PRESLEY BLVD,Principal Arterial,40.0,6.0,3,6.0,15.102614750423026,TDOT
301101756,2026-09-09,2026-09-09 21:34:00,2026,9,Wednesday,21,35.068775,-89.95419,Possible Injury,Pedestrian,Intersection-On Roadway not in Crosswalk,Non-Junction,Dark-Not Lighted,Not Collision with Motor Vehicle in Transport,Pedestrian,1,True,City of Memphis,,,,,,,762.4719513324417,City of Memphis
301101129,2026-09-05,2026-09-05 23:10:00,2026,9,Saturday,23,35.008266,-89.949776,Possible Injury,Pedestrian,Not Intersection-Outside Traffic,Through Roadway,Dark-Lighted,Angle,Other,1,True,City of Memphis,,,,,,,1181.2190026336907,City of Memphis
301014726,2025-04-28,2025-04-28 01:39:00,2025,4,Monday,1,35.108875,-89.98901,Fatal,Pedestrian,Not Intersection-Unknown,Non-Junction,Dark-Lighted,Not Collision with Motor Vehicle in Transport,Pedestrian,1,True,TDOT state route,LAMAR AVE,Principal Arterial,40.0,7.0,4,4.0,2.4945988786715474,TDOT
301086179,2026-06-12,2026-06-12 15:28:00,2026,6,Friday,15,35.034172,-90.02463,Fatal,Pedestrian,Not Intersection-Outside Traffic,Non-Junction,Daylight,Not Collision with Motor Vehicle in Transport,Pedestrian,1,True,City of Memphis,,,,,,,49.36508803877312,City of Memphis
301099692,2026-08-29,2026-08-29 20:00:00,2026,8,Saturday,20,35.16043,-89.79444,Possible Injury,Pedestrian,Intersection-On Roadway not in Crosswalk,Non-Junction,Dark-Lighted,Not Collision with Motor Vehicle in Transport,Pedestrian,1,True,City of Memphis,,,,,,,60.75632820503464,City of Memphis
301102875,2026-09-16,2026-09-16 07:19:00,2026,9,Wednesday,7,35.21584,-89.9931,Suspected Minor Injury,Pedestrian,Not Intersection-On Roadway Not In Crosswalk,Unknown,Daylight,Not Collision with Motor Vehicle in Transport,Pedestrian,1,True,City of Memphis,,,,,,,2860.973027404461,City of Memphis
301073827,2026-04-06,2026-04-06 23:34:00,2026,4,Monday,23,35.215113,-90.003464,Fatal,Pedestrian,Not Intersection-On Roadway Crosswalk not Available,Intersection,Dark-Lighted,Not Collision with Motor Vehicle in Transport,Pedestrian,1,True,City of Memphis,,,,,,,2132.310257983269,City of Memphis
301007975,2025-03-23,2025-03-23 14:00:00,2025,3,Sunday,14,35.19155,-89.97579,Fatal,Pedestrian,Not Intersection-On Roadway Not In Crosswalk,Non-Junction,Daylight,Not Collision with Motor Vehicle in Transport,Pedestrian,1,True,City of Memphis,,,,,,,3583.217511224382,City of Memphis
301099828,2026-08-30,2026-08-30 19:21:00,2026,8,Sunday,19,35.10439,-89.87651,Possible Injury,Pedestrian,Not Intersection-In Parking Lane,Intersection,Daylight,Not Collision with Motor Vehicle in Transport,Pedestrian,1,True,City of Memphis,,,,,,,126.8299170751082,City of Memphis
301081667,2026-05-18,2026-05-18 12:54:00,2026,5,Monday,12,35.07929,-89.98485,Fatal,Pedestrian,Intersection-On Roadway not in Crosswalk,Non-Junction,Daylight,Not Collision with Motor Vehicle in Transport,Pedestrian,1,True,City of Memphis,,,,,,,2111.968854138745,City of Memphis
301088693,2026-06-27,2026-06-27 22:30:00,2026,6,Saturday,22,35.162476,-89.9559,Fatal,Pedestrian,Intersection-On Roadway not in Crosswalk,Intersection,Dark-Lighted,Not Collision with Motor Vehicle in Transport,Pedestrian,1,True,City of Memphis,,,,,,,33.10705011883469,City of Memphis
301032288,2025-08-06,2025-08-06 03:55:00,2025,8,Wednesday,3,35.105316,-89.87507,Fatal,Pedestrian,Not Intersection-On Roadway Crosswalk not Available,Non-Junction,Dark-Not Lighted,Not Collision with Motor Vehicle in Transport,Pedestrian,1,True,TDOT state route,POPLAR AVE,Principal Arterial,40.0,6.0,57,5.0,10.031471654374682,TDOT
301104603,2026-09-25,2026-09-25 08:50:00,2026,9,Friday,8,35.053364,-89.8783,Possible Injury,Pedestrian,Intersection-In Crosswalk,AccelDecelLane,Daylight,Not Collision with Motor Vehicle in Transport,Pedestrian,1,True,City of Memphis,,,,,,,2820.048683410718,City of Memphis
301103222,2026-09-17,2026-09-17 19:45:00,2026,9,Thursday,19,35.217407,-89.90965,Possible Injury,Pedestrian,Intersection-On Roadway Crosswalk Not Available,Through Roadway,Dark-Not Lighted,Not Collision with Motor Vehicle in Transport,Pedestrian,1,True,City of Memphis,,,,,,,231.78322581514493,City of Memphis
301103904,2026-09-21,2026-09-21 21:00:00,2026,9,Monday,21,35.2248,-90.001884,Possible Injury,Pedestrian,Not Intersection-On Roadway Crosswalk Availability Unknown,Non-Junction,Dark-Lighted,Not Collision with Motor Vehicle in Transport,Pedestrian,1,True,City of Memphis,,,,,,,1635.3853965576425,City of Memphis
301103015,2026-09-16,2026-09-16 15:58:00,2026,9,Wednesday,15,35.218304,-89.92738,Possible Injury,Pedestrian,Not Intersection-On Roadway Crosswalk not Available,Intersection-Related,Daylight,Not Collision with Motor Vehicle in Transport,Pedestrian,1,True,City of Memphis,,,,,,,1082.1425927109992,City of Memphis
301103685,2026-09-20,2026-09-20 15:11:00,2026,9,Sunday,15,35.18658,-89.88646,Possible Injury,Pedestrian,Intersection-In Crosswalk,Non-Junction,Daylight,Not Collision with Motor Vehicle in Transport,Pedestrian,1,True,City of Memphis,,,,,,,888.0143361899954,City of Memphis
301103698,2026-09-20,2026-09-20 19:30:00,2026,9,Sunday,19,35.240242,-89.93011,Possible Injury,Pedestrian,Not Intersection-On Roadway Not In Crosswalk,Through Roadway,Dark-Lighted,Not Collision with Motor Vehicle in Transport,Pedestrian,1,True,City of Memphis,,,,,,,2813.246910608344,City of Memphis
301104288,2026-09-23,2026-09-23 05:50:00,2026,9,Wednesday,5,35.057175,-89.922295,Suspected Serious Injury,Pedestrian,Not Intersection-Other Not On Roadway,OtherLocation,Dark-Lighted,Not Collision with Motor Vehicle in Transport,Other,2,True,City of Memphis,,,,,,,675.5596261294867,City of Memphis
301077651,2026-04-28,2026-04-28 00:25:00,2026,4,Tuesday,0,35.06306,-89.905334,Fatal,Pedestrian,Not Intersection-On Roadway Crosswalk Availability Unknown,OtherLocation,Dark-Lighted,Not Collision with Motor Vehicle in Transport,Pedestrian,1,True,City of Memphis,,,,,,,2215.0091110341923,City of Memphis
301104308,2026-09-22,2026-09-22 14:32:00,2026,9,Tuesday,14,35.13117,-89.986176,Possible Injury,Pedestrian,Intersection-On Roadway Crosswalk Not Available,AccelDecelLane,Daylight,Not Collision with Motor Vehicle in Transport,Pedestrian,1,True,City of Memphis,,,,,,,196.8402316109089,City of Memphis
301104528,2026-09-24,2026-09-24 23:27:00,2026,9,Thursday,23,35.178772,-89.926865,Suspected Serious Injury,Pedestrian,Intersection-Unknown,Intersection,Dark-Lighted,Not Collision with Motor Vehicle in Transport,Pedestrian,1,True,City of Memphis,,,,,,,720.7171946941971,City of Memphis
301103729,2026-09-21,2026-09-21 01:15:00,2026,9,Monday,1,35.181332,-89.933793,Fatal,Pedestrian,Not Intersection-On Roadway Crosswalk not Available,Non-Junction,Dark-Lighted,Not Collision with Motor Vehicle in Transport,Pedestrian,1,True,TDOT state route,,,,,,,38.68884748818828,City of Memphis
300939947,2024-02-07,2024-02-07 15:30:00,2024,2,Wednesday,15,35.14416,-90.01663,Possible Injury,Pedestrian,Not Intersection-Outside Traffic,"Driveway, Alley Access, etc",Daylight,Not Collision with Motor Vehicle in Transport,Pedestrian,1,True,City of Memphis,,,,,,,801.5166506668162,City of Memphis
300942228,2024-02-20,2024-02-20 21:52:00,2024,2,Tuesday,21,35.2166,-90.02861,Possible Injury,Pedestrian,Not Intersection-Outside Traffic,Unknown,Dark-Not Lighted,Not Collision with Motor Vehicle in Transport,Pedestrian,1,True,City of Memphis,,,,,,,148.17791577082238,City of Memphis
300941389,2024-02-16,2024-02-16 08:28:00,2024,2,Friday,8,35.03523,-90.00727,Possible Injury,Pedestrian,Intersection-In Crosswalk,Intersection-Related,Daylight,Not Collision with Motor Vehicle in Transport,Pedestrian,1,True,City of Memphis,,,,,,,1571.3070559529365,City of Memphis
300939738,2024-02-07,2024-02-07 14:47:00,2024,2,Wednesday,14,35.116596,-89.90878,Possible Injury,Pedestrian,Intersection-Unknown,AccelDecelLane,Daylight,Not Collision with Motor Vehicle in Transport,Pedestrian,1,True,City of Memphis,,,,,,,43.71230622000314,City of Memphis
300939951,2024-02-04,2024-02-04 11:00:00,2024,2,Sunday,11,35.23399,-89.89301,Suspected Serious Injury,Pedestrian,Not Intersection-Unknown,Unknown,Daylight,Not Collision with Motor Vehicle in Transport,Pedestrian,1,True,TDOT state route,,,,,,,62.9896923887765,City of Memphis
300941629,2024-02-13,2024-02-13 20:59:00,2024,2,Tuesday,20,35.11744,-89.94505,Possible Injury,Pedestrian,Intersection-In Crosswalk,Intersection,Dark-Not Lighted,Not Collision with Motor Vehicle in Transport,Pedestrian,1,True,City of Memphis,,,,,,,1112.6974062375075,City of Memphis