MstrRecNbrTxt,CollisionDate,CollisionDteTime,YearNmb,Month,DayOfWeek,Hour,Latitude,Longitude,InjuryClass,PersonType,NonMotoristLocation,RelationToJunction,LightCondition,MannerOfCollision,FirstHarmfulEvent,VictimsInCrash,InMemphis,Jurisdiction,StateRoute_NAME,StateRoute_F_System,StateRoute_SPDLIMIT,StateRoute_LANES,StateRoute_ALTNAME_1,StateRoute_Council_District,DistToStateRoute_m,Jurisdiction_prev
300937885,2024-01-28,2024-01-28 12:25:00,2024,1,Sunday,12,35.088028,-89.89613,Suspected Minor Injury,Pedestrian,Intersection-On Roadway Crosswalk Not Available,Intersection,Daylight,Not Collision with Motor Vehicle in Transport,Pedestrian,1,True,City of Memphis,,,,,,,1925.1118547602373,City of Memphis
300939243,2024-02-03,2024-02-03 19:00:00,2024,2,Saturday,19,35.156513,-90.035866,Possible Injury,Pedestrian,Intersection-Not on Roadway,OtherLocation,Dark-Lighted,Not Collision with Motor Vehicle in Transport,Pedestrian,1,True,TDOT state route,JACKSON AVE,Principal Arterial,35.0,4.0,14,7.0,4.662758873197413,TDOT
300942024,2024-02-20,2024-02-20 09:45:00,2024,2,Tuesday,9,35.04483,-90.05732,Suspected Serious Injury,Pedestrian,Intersection-On Roadway Crosswalk Not Available,Intersection-Related,Daylight,Not Collision with Motor Vehicle in Transport,Pedestrian,1,True,City of Memphis,,,,,,,589.6804020129028,City of Memphis
300938415,2024-01-30,2024-01-30 21:27:00,2024,1,Tuesday,21,35.00638,-90.02528,Possible Injury,Pedestrian,Not Intersection-On Roadway Not In Crosswalk,AccelDecelLane,Dark-Not Lighted,Other,Other,1,True,City of Memphis,ELVIS PRESLEY BLVD,Principal Arterial,40.0,5.0,3,3.0,0.0377175879489809,TDOT
300939087,2024-01-29,2024-01-29 00:00:00,2024,1,Monday,0,35.145138,-90.031746,Possible Injury,Pedestrian,Intersection-On Roadway not in Crosswalk,Intersection,Dark-Not Lighted,Not Collision with Motor Vehicle in Transport,Pedestrian,1,True,City of Memphis,,,,,,,740.9813598882411,City of Memphis
300937709,2024-01-26,2024-01-26 21:58:00,2024,1,Friday,21,35.107098,-89.98816,Possible Injury,Pedestrian,Intersection-On Roadway not in Crosswalk,OtherLocation,Dark-Lighted,Not Collision with Motor Vehicle in Transport,Pedestrian,1,True,TDOT state route,,,,,,,63.96653404672249,City of Memphis
300941663,2024-02-17,2024-02-17 00:00:00,2024,2,Saturday,99,35.177235,-89.78453,No Injury,Other Non-Motorist,Unknown,Non-Junction,Unknown,Rear to Side,Other,1,True,City of Memphis,,,,,,,767.935055905888,City of Memphis
300941851,2024-02-19,2024-02-19 09:30:00,2024,2,Monday,9,35.150013,-89.965576,Possible Injury,Pedestrian,Not Intersection-Outside Traffic,Non-Junction,Daylight,Not Collision with Motor Vehicle in Transport,Pedestrian,1,True,City of Memphis,,,,,,,44.04257464565355,City of Memphis
300938173,2024-01-30,2024-01-30 03:43:00,2024,1,Tuesday,3,35.16954,-89.986885,Possible Injury,Pedestrian,Intersection-Unknown,Unknown,Dark-Lighted,Not Collision with Motor Vehicle in Transport,Pedestrian,1,True,City of Memphis,,,,,,,1114.039631411758,City of Memphis
300914146,2023-09-30,2023-09-30 01:08:00,2023,9,Saturday,1,35.10479,-89.97786,Suspected Serious Injury,Pedestrian,Intersection-On Roadway Crosswalk Not Available,Intersection,Dark-Lighted,Not Collision with Motor Vehicle in Transport,Pedestrian,1,True,City of Memphis,,,,,,,384.4709813381621,City of Memphis
300929665,2023-12-13,2023-12-13 18:07:00,2023,12,Wednesday,18,35.11741,-89.94256,Possible Injury,Pedestrian,Intersection-On Roadway Crosswalk availability Unknown,Intersection,Dark-Lighted,Not Collision with Motor Vehicle in Transport,Pedestrian,1,True,City of Memphis,,,,,,,1058.909464352069,City of Memphis
300914781,2023-10-01,2023-10-01 17:51:00,2023,10,Sunday,17,35.16121,-89.824684,Possible Injury,Pedestrian,Not Intersection-Outside Traffic,OtherLocation,Daylight,Not Collision with Motor Vehicle in Transport,Pedestrian,1,False,Suburban-Shelby,,,,,,,,Suburban-Shelby
300934493,2024-01-08,2024-01-08 18:00:00,2024,1,Monday,18,35.137287,-90.02113,Unknown,Pedestrian,Not Intersection-On Roadway Not In Crosswalk,AccelDecelLane,Dark-Lighted,Not Collision with Motor Vehicle in Transport,Pedestrian,1,True,TDOT state route,UNION AVE,Principal Arterial,35.0,6.0,3,6.0,4.647149300632669,TDOT
300934371,2024-01-06,2024-01-06 18:35:00,2024,1,Saturday,18,35.32871,-89.92298,No Injury,Pedestrian,Not Intersection-Outside Traffic,Non-Junction,Dark-Lighted,Not Collision with Motor Vehicle in Transport,Other,1,False,Suburban-Shelby,,,,,,,,Suburban-Shelby
300899629,2023-07-12,2023-07-12 11:50:00,2023,7,Wednesday,11,35.163986,-89.73691,No Injury,Pedestrian,Not Intersection-Outside Traffic,Intersection,Daylight,Angle,Other,1,False,Suburban-Shelby,,,,,,,,Suburban-Shelby
300932272,2023-12-26,2023-12-26 17:42:00,2023,12,Tuesday,17,35.10049,-89.8543,Suspected Minor Injury,Pedestrian,Not Intersection-On Roadway Not In Crosswalk,Non-Junction,Dark-Lighted,Not Collision with Motor Vehicle in Transport,Pedestrian,1,True,TDOT state route,,,,,,,53.692539833905016,City of Memphis
300935624,2024-01-11,2024-01-11 07:30:00,2024,1,Thursday,7,35.10098,-90.01408,Possible Injury,Pedestrian,Not Intersection-Adjacent to Roadway,Non-Junction,Daylight,Angle,Other,1,True,City of Memphis,,,,,,,417.7739355296047,City of Memphis
300935922,2024-01-09,2024-01-09 21:35:00,2024,1,Tuesday,21,35.009399,-89.777131,No Injury,Pedestrian,Not Intersection-Outside Traffic,Non-Junction,Dark-Not Lighted,Not Collision with Motor Vehicle in Transport,Other,1,False,Suburban-Shelby,,,,,,,,Suburban-Shelby
300932453,2023-12-24,2023-12-24 21:35:00,2023,12,Sunday,21,35.171764,-90.03605,Possible Injury,Pedestrian,Not Intersection-On Roadway Not In Crosswalk,Intersection,Dark-Lighted,Not Collision with Motor Vehicle in Transport,Pedestrian,1,True,City of Memphis,THOMAS ST,Minor Arterial,35.0,4.0,3,7.0,0.0557694346682412,TDOT
300930370,2023-12-16,2023-12-16 21:50:00,2023,12,Saturday,21,35.140656,-90.05613,Possible Injury,Pedestrian,Intersection-On Roadway Crosswalk availability Unknown,Intersection,Dark-Lighted,Unknown,Other,1,True,City of Memphis,,,,,,,249.25954299982752,City of Memphis
300932015,2023-12-24,2023-12-24 23:50:00,2023,12,Sunday,23,35.055607,-89.85654,Possible Injury,Pedestrian,Not Intersection-On Roadway Not In Crosswalk,SharedUsePathOrTrail,Dark-Unknown Lighting,Not Collision with Motor Vehicle in Transport,Pedestrian,1,True,City of Memphis,,,,,,,1612.1345208291514,City of Memphis
300932772,2023-12-29,2023-12-29 17:00:00,2023,12,Friday,17,35.073807,-89.94823,Possible Injury,Pedestrian,Intersection-Not on Roadway,Non-Junction,Dark-Lighted,Not Collision with Motor Vehicle in Transport,Pedestrian,1,True,TDOT state route,LAMAR AVE,Principal Arterial,40.0,7.0,4,4.0,3.45261473090589,TDOT
300930392,2023-12-17,2023-12-17 00:48:00,2023,12,Sunday,0,35.2081,-90.00367,Possible Injury,Pedestrian,Intersection-On Roadway Crosswalk availability Unknown,Non-Junction,Dark-Lighted,Not Collision with Motor Vehicle in Transport,Pedestrian,1,True,City of Memphis,,,,,,,2559.4360761105727,City of Memphis
300940726,2024-02-13,2024-02-13 08:00:00,2024,2,Tuesday,8,35.034355,-90.01449,Possible Injury,Pedestrian,Intersection-In Crosswalk,Intersection,Daylight,Not Collision with Motor Vehicle in Transport,Pedestrian,1,True,City of Memphis,,,,,,,974.578440185098,City of Memphis
300935903,2024-01-07,2024-01-07 14:21:00,2024,1,Sunday,14,35.02445,-90.0263,No Injury,Pedestrian,Not Intersection-Unknown,Non-Junction,Daylight,Not Collision with Motor Vehicle in Transport,Other,1,True,City of Memphis,,,,,,,100.30010521840369,City of Memphis
300925149,2023-11-20,2023-11-20 13:00:00,2023,11,Monday,13,35.080994,-90.022575,No Injury,Pedestrian,Not Intersection-Unknown,Non-Junction,Daylight,Not Collision with Motor Vehicle in Transport,Other,1,True,City of Memphis,,,,,,,334.1866037545536,City of Memphis
300931656,2023-12-22,2023-12-22 13:17:00,2023,12,Friday,13,35.166477,-89.95006,Possible Injury,Pedestrian,Not Intersection-Adjacent to Roadway,Non-Junction,Daylight,Not Collision with Motor Vehicle in Transport,Pedestrian,1,True,City of Memphis,,,,,,,43.02052612961994,City of Memphis
300937256,2024-01-24,2024-01-24 18:33:00,2024,1,Wednesday,18,35.21021,-90.03286,Possible Injury,Pedestrian,Not Intersection-On Roadway Not In Crosswalk,AccelDecelLane,Dawn,Not Collision with Motor Vehicle in Transport,Pedestrian,1,True,TDOT state route,THOMAS ST,,40.0,2.0,3,7.0,25.98064099658865,TDOT
300936215,2024-01-16,2024-01-16 19:00:00,2024,1,Tuesday,19,35.1721,-89.916954,Possible Injury,Pedestrian,Intersection-On Roadway Crosswalk availability Unknown,Non-Junction,Dark-Not Lighted,Not Collision with Motor Vehicle in Transport,Pedestrian,1,True,City of Memphis,,,,,,,1368.8136026673683,City of Memphis
300935698,2024-01-13,2024-01-13 10:29:00,2024,1,Saturday,10,35.245056,-90.00627,Suspected Minor Injury,Pedestrian,Intersection-On Roadway not in Crosswalk,Intersection-Related,Daylight,Not Collision with Motor Vehicle in Transport,Pedestrian,1,True,City of Memphis,N US HIGHWAY 51,Principal Arterial,55.0,2.0,3,7.0,24.216061549771062,TDOT
300929530,2023-12-12,2023-12-12 09:50:00,2023,12,Tuesday,9,35.178947,-90.021279,Possible Injury,Pedestrian,Not Intersection-Adjacent to Roadway,Non-Junction,Daylight,Other,Other,1,True,City of Memphis,,,,,,,1311.927928311027,City of Memphis
300932285,2023-12-26,2023-12-26 18:46:00,2023,12,Tuesday,18,35.05005,-89.86638,Possible Injury,Pedestrian,Intersection-On Roadway not in Crosswalk,Non-Junction,Dusk,Not Collision with Motor Vehicle in Transport,Pedestrian,1,True,City of Memphis,,,,,,,2541.8172424614736,City of Memphis
300931438,2023-12-21,2023-12-21 22:20:00,2023,12,Thursday,22,35.163002,-89.87765,Suspected Serious Injury,Pedestrian,Not Intersection-Adjacent to Roadway,Intersection,Dark-Lighted,Not Collision with Motor Vehicle in Transport,Pedal-cycle,1,True,TDOT state route,SUMMER AVE,Principal Arterial,45.0,4.0,1,1.0,3.038036805042975,TDOT
300930743,2023-12-15,2023-12-15 14:15:00,2023,12,Friday,14,35.217148,-89.98453,Unknown,Pedestrian,Intersection-Unknown,Intersection,Daylight,Not Collision with Motor Vehicle in Transport,Pedestrian,1,True,City of Memphis,,,,,,,3416.3062945961715,City of Memphis
300935426,2024-01-12,2024-01-12 07:40:00,2024,1,Friday,7,35.050167,-89.88562,Possible Injury,Pedestrian,Intersection-On Roadway Crosswalk availability Unknown,Intersection,Dark-Lighted,Not Collision with Motor Vehicle in Transport,Pedestrian,1,True,City of Memphis,,,,,,,2886.151095406537,City of Memphis
300929787,2023-12-13,2023-12-13 21:49:00,2023,12,Wednesday,21,35.11906,-89.94067,Possible Injury,Pedestrian,Intersection-In Crosswalk,Intersection,Dark-Not Lighted,Not Collision with Motor Vehicle in Transport,Pedestrian,1,True,City of Memphis,,,,,,,839.085417609747,City of Memphis
300909242,2023-09-05,2023-09-05 20:00:00,2023,9,Tuesday,20,35.26113,-89.927155,No Injury,Pedestrian,Unknown,Non-Junction,Dark-Lighted,Not Collision with Motor Vehicle in Transport,Other,1,True,City of Memphis,,,,,,,4059.6100440799514,City of Memphis
300931181,2023-12-20,2023-12-20 20:08:00,2023,12,Wednesday,20,35.18957,-89.92806,Suspected Serious Injury,Pedestrian,Not Intersection-On Roadway Not In Crosswalk,Non-Junction,Dark-Lighted,Not Collision with Motor Vehicle in Transport,Pedestrian,1,True,TDOT state route,,,,,,,37.76091773391071,City of Memphis
300932221,2023-12-22,2023-12-22 08:15:00,2023,12,Friday,8,35.079124,-90.01563,Possible Injury,Pedestrian,Intersection-On Roadway Crosswalk Not Available,Unknown,Daylight,Not Collision with Motor Vehicle in Transport,Pedestrian,1,True,City of Memphis,,,,,,,325.0464523797866,City of Memphis
300930678,2023-12-17,2023-12-17 20:30:00,2023,12,Sunday,20,35.090458,-89.93107,Possible Injury,Pedestrian,Not Intersection-On Roadway Not In Crosswalk,AccelDecelLane,Dark-Lighted,Not Collision with Motor Vehicle in Transport,Pedestrian,1,True,City of Memphis,,,,,,,1107.022776411824,City of Memphis
300935626,2024-01-13,2024-01-13 05:45:00,2024,1,Saturday,5,35.051266,-90.00558,Possible Injury,Pedestrian,Intersection-In Crosswalk,AccelDecelLane,Dark-Lighted,Not Collision with Motor Vehicle in Transport,Pedestrian,1,True,City of Memphis,,,,,,,1776.5939869276874,City of Memphis
300922681,2023-11-08,2023-11-08 20:42:00,2023,11,Wednesday,20,35.143936,-89.89806,Fatal,Pedestrian,Not Intersection-On Roadway Not In Crosswalk,Non-Junction,Dark-Lighted,Not Collision with Motor Vehicle in Transport,Pedestrian,1,True,City of Memphis,,,,,,,518.6939325465497,City of Memphis
300930135,2023-12-15,2023-12-15 18:17:00,2023,12,Friday,18,35.006474,-89.98989,Suspected Serious Injury,Pedestrian,Not Intersection-On Roadway Crosswalk not Available,AccelDecelLane,Dark-Lighted,Not Collision with Motor Vehicle in Transport,Pedestrian,1,True,City of Memphis,,,,,,,1621.0658323129085,City of Memphis
300929636,2023-12-12,2023-12-12 18:00:00,2023,12,Tuesday,18,35.0687,-89.98752,Possible Injury,Pedestrian,Intersection-On Roadway not in Crosswalk,Intersection,Dark-Lighted,Not Collision with Motor Vehicle in Transport,Pedestrian,1,True,City of Memphis,,,,,,,2993.713055209372,City of Memphis
300933726,2024-01-05,2024-01-05 06:40:00,2024,1,Friday,6,35.21489,-89.894775,Possible Injury,Pedestrian,Intersection-In Crosswalk,Intersection,Daylight,Not Collision with Motor Vehicle in Transport,Pedestrian,1,True,City of Memphis,,,,,,,34.381984100556,City of Memphis
300898436,2023-07-13,2023-07-13 00:52:00,2023,7,Thursday,0,35.20091,-89.912476,Fatal,Pedestrian,Not Intersection-On Roadway Not In Crosswalk,Non-Junction,Dark-Lighted,Not Collision with Motor Vehicle in Transport,Pedestrian,1,True,City of Memphis,,,,,,,566.0014016225538,City of Memphis
300935901,2024-01-14,2024-01-14 05:00:00,2024,1,Sunday,5,35.09865,-89.91224,Possible Injury,Pedestrian,Intersection-In Crosswalk,Intersection,Dark-Not Lighted,Not Collision with Motor Vehicle in Transport,Pedestrian,1,True,City of Memphis,,,,,,,1976.3983991726489,City of Memphis
300930948,2023-12-18,2023-12-18 21:40:00,2023,12,Monday,21,35.140484,-89.98288,Suspected Minor Injury,Pedestrian,Intersection-On Roadway not in Crosswalk,Intersection-Related,Dark-Lighted,Other,Other,1,True,TDOT state route,E PARKWAY,Principal Arterial,40.0,3.0,277,5.0,3.423257970760932,TDOT
300926176,2023-11-24,2023-11-24 09:22:00,2023,11,Friday,9,35.086906,-89.92768,Fatal,Pedestrian,Not Intersection-On Roadway Crosswalk not Available,Non-Junction,Daylight,Not Collision with Motor Vehicle in Transport,Pedestrian,1,True,City of Memphis,,,,,,,785.6250291179132,City of Memphis
300941070,2024-02-14,2024-02-14 16:10:00,2024,2,Wednesday,16,35.0104,-90.02526,Possible Injury,Pedestrian,Intersection-On Roadway not in Crosswalk,Intersection-Related,Daylight,Not Collision with Motor Vehicle in Transport,Pedestrian,1,True,City of Memphis,ELVIS PRESLEY BLVD,Principal Arterial,40.0,5.0,3,3.0,0.2563123780272443,TDOT
300940514,2024-02-11,2024-02-11 18:07:00,2024,2,Sunday,18,35.219906,-89.97871,Suspected Serious Injury,Pedestrian,Intersection-On Roadway Crosswalk availability Unknown,Intersection,Daylight,Not Collision with Motor Vehicle in Transport,Pedestrian,1,True,City of Memphis,,,,,,,3673.44826115948,City of Memphis
300939616,2024-02-06,2024-02-06 20:44:00,2024,2,Tuesday,20,35.342285,-89.90883,Suspected Serious Injury,Pedestrian,Not Intersection-On Roadway Not In Crosswalk,Non-Junction,Dark-Lighted,Not Collision with Motor Vehicle in Transport,Pedestrian,1,False,Suburban-Shelby,,,,,,,,Suburban-Shelby
300939622,2024-02-06,2024-02-06 13:51:00,2024,2,Tuesday,13,35.206627,-89.90824,Possible Injury,Pedestrian,Intersection-On Roadway not in Crosswalk,Intersection,Daylight,Not Collision with Motor Vehicle in Transport,Pedestrian,1,True,City of Memphis,STAGE RD,Principal Arterial,45.0,6.0,15,1.0,4.608335799441317,TDOT
300938545,2024-01-31,2024-01-31 19:36:00,2024,1,Wednesday,19,35.099407,-89.93087,Possible Injury,Pedestrian,Intersection-In Crosswalk,Intersection,Dark-Lighted,Not Collision with Motor Vehicle in Transport,Pedestrian,1,True,City of Memphis,,,,,,,2100.043579057684,City of Memphis
300927558,2023-12-02,2023-12-02 23:54:00,2023,12,Saturday,23,35.208508,-89.99435,Fatal,Pedestrian,Not Intersection-Other Not On Roadway,Intersection,Dark-Lighted,Not Collision with Motor Vehicle in Transport,Other,2,True,City of Memphis,,,,,,,3228.421977285844,City of Memphis
300937595,2024-01-26,2024-01-26 18:00:00,2024,1,Friday,18,35.082268,-89.97191,Suspected Minor Injury,Pedestrian,Not Intersection-Bike Path,OtherLocation,Dark-Lighted,Not Collision with Motor Vehicle in Transport,Pedestrian,1,True,City of Memphis,,,,,,,943.0101409281284,City of Memphis
300930681,2023-12-07,2023-12-07 18:17:00,2023,12,Thursday,18,35.205447,-89.834936,Suspected Serious Injury,Pedestrian,Not Intersection-On Roadway Not In Crosswalk,Intersection-Related,Dark-Lighted,Not Collision with Motor Vehicle in Transport,Pedestrian,1,False,Suburban-Shelby,,,,,,,,Suburban-Shelby
300940372,2024-02-11,2024-02-11 02:05:00,2024,2,Sunday,2,35.115723,-89.96846,No Injury,Other Non-Motorist,Unknown,OtherLocation,Dark-Not Lighted,Not Collision with Motor Vehicle in Transport,Other,1,True,City of Memphis,,,,,,,1460.603851505565,City of Memphis
300940554,2024-02-12,2024-02-12 11:28:00,2024,2,Monday,11,35.030006,-90.02422,Possible Injury,Pedestrian,Not Intersection-Other Not On Roadway,Non-Junction,Daylight,Not Collision with Motor Vehicle in Transport,Pedestrian,1,True,City of Memphis,,,,,,,87.68376938291281,City of Memphis
300938377,2024-01-30,2024-01-30 00:00:00,2024,1,Tuesday,99,35.13146,-90.02999,Unknown,Other Non-Motorist,Intersection-Unknown,AccelDecelLane,Unknown,Angle,Other,1,True,TDOT state route,,,,,,,43.14217674220798,City of Memphis
300966598,2024-07-17,2024-07-17 07:20:00,2024,7,Wednesday,7,35.1367,-90.019356,Possible Injury,Pedestrian,Intersection-In Crosswalk,Unknown,Daylight,Not Collision with Motor Vehicle in Transport,Pedestrian,1,True,TDOT state route,,,,,,,49.93936790364001,City of Memphis
300884550,2023-05-03,2023-05-03 20:13:00,2023,5,Wednesday,20,35.340515,-89.91088,Fatal,Pedestrian,Not Intersection-On Roadway Not In Crosswalk,Non-Junction,Dark-Lighted,Not Collision with Motor Vehicle in Transport,Pedestrian,1,False,Suburban-Shelby,,,,,,,,Suburban-Shelby
300966573,2024-07-17,2024-07-17 00:00:00,2024,7,Wednesday,99,35.138954,-90.0459,Suspected Serious Injury,Pedestrian,Intersection-In Crosswalk,Intersection,Unknown,Not Collision with Motor Vehicle in Transport,Pedestrian,1,True,City of Memphis,S DANNY THOMAS BLVD,Principal Arterial,35.0,4.0,1,6.0,0.7020976177878029,TDOT
300858189,2023-01-01,2023-01-01 10:08:00,2023,1,Sunday,10,35.08672,-89.931175,Suspected Serious Injury,Pedestrian,Intersection-In Crosswalk,Intersection,Daylight,Not Collision with Motor Vehicle in Transport,Pedestrian,1,True,City of Memphis,,,,,,,692.2017551267472,City of Memphis
300861245,2023-01-16,2023-01-16 19:03:00,2023,1,Monday,19,35.05556,-90.07048,Suspected Serious Injury,Pedestrian,Intersection-In Crosswalk,Intersection,Dark-Lighted,Not Collision with Motor Vehicle in Transport,Pedestrian,1,True,City of Memphis,,,,,,,934.951519190071,City of Memphis
300858766,2023-01-04,2023-01-04 00:00:00,2023,1,Wednesday,0,35.209473,-90.032715,Suspected Serious Injury,Pedestrian,Intersection-On Roadway not in Crosswalk,Non-Junction,Dark-Not Lighted,Not Collision with Motor Vehicle in Transport,Pedestrian,1,True,City of Memphis,THOMAS ST,,40.0,2.0,3,7.0,0.6292259868481577,TDOT
300859362,2023-01-06,2023-01-06 16:45:00,2023,1,Friday,16,35.0261,-90.00753,Possible Injury,Pedestrian,Not Intersection-On Roadway Not In Crosswalk,AccelDecelLane,Daylight,Not Collision with Motor Vehicle in Transport,Pedestrian,3,True,City of Memphis,,,,,,,558.3440889313058,City of Memphis
300860362,2023-01-11,2023-01-11 19:58:00,2023,1,Wednesday,19,35.1757,-89.89697,Suspected Serious Injury,Pedestrian,Not Intersection-On Roadway Crosswalk not Available,AccelDecelLane,Dark-Not Lighted,Not Collision with Motor Vehicle in Transport,Pedestrian,1,True,TDOT state route,COVINGTON PIKE,Principal Arterial,45.0,2.0,204,1.0,1.1044918418610985,TDOT
300860817,2023-01-12,2023-01-12 14:00:00,2023,1,Thursday,14,35.151516,-89.89816,No Injury,Other Non-Motorist,Intersection-Unknown,Intersection,Daylight,Not Collision with Motor Vehicle in Transport,Other,1,True,City of Memphis,,,,,,,319.5450831720526,City of Memphis
300861535,2023-01-18,2023-01-18 09:20:00,2023,1,Wednesday,9,35.086098,-89.9416,Possible Injury,Pedestrian,Unknown,Non-Junction,Daylight,Not Collision with Motor Vehicle in Transport,Other,2,True,City of Memphis,,,,,,,1126.9386984706755,City of Memphis
300858269,2023-01-01,2023-01-01 21:41:00,2023,1,Sunday,21,35.02959,-90.01794,Possible Injury,Pedestrian,Not Intersection-On Roadway Not In Crosswalk,AccelDecelLane,Dark-Not Lighted,Not Collision with Motor Vehicle in Transport,Pedestrian,1,True,City of Memphis,,,,,,,660.7740506685366,City of Memphis
300860889,2023-01-14,2023-01-14 16:05:00,2023,1,Saturday,16,35.136528,-90.05566,Possible Injury,Pedestrian,Intersection-In Crosswalk,Intersection-Related,Daylight,Not Collision with Motor Vehicle in Transport,Pedestrian,1,True,City of Memphis,S SECOND ST,Minor Arterial,35.0,2.0,14,6.0,2.2253796857439303,TDOT
300859928,2023-01-09,2023-01-09 12:40:00,2023,1,Monday,12,35.066715,-89.83936,Possible Injury,Pedestrian,Not Intersection-Adjacent to Roadway,SharedUsePathOrTrail,Daylight,Not Collision with Motor Vehicle in Transport,Pedestrian,1,True,City of Memphis,,,,,,,201.2033522555243,City of Memphis
300859924,2023-01-09,2023-01-09 15:52:00,2023,1,Monday,15,35.04934,-89.88578,No Injury,Pedestrian,Not Intersection-On Roadway Not In Crosswalk,AccelDecelLane,Daylight,Not Collision with Motor Vehicle in Transport,Pedestrian,1,True,City of Memphis,,,,,,,2814.3362697195826,City of Memphis
300861083,2023-01-15,2023-01-15 03:04:00,2023,1,Sunday,3,35.19199,-90.007965,Possible Injury,Pedestrian,Not Intersection-Unknown,Unknown,Dark-Not Lighted,Not Collision with Motor Vehicle in Transport,Pedestrian,1,True,City of Memphis,,,,,,,2466.16193169006,City of Memphis
300861622,2023-01-16,2023-01-16 20:10:00,2023,1,Monday,20,35.085697,-89.90716,Suspected Serious Injury,Pedestrian,Intersection-On Roadway Crosswalk Not Available,Non-Junction,Dark-Lighted,Front to Rear,Other,1,True,City of Memphis,,,,,,,2276.6273295216047,City of Memphis
300859656,2023-01-07,2023-01-07 19:40:00,2023,1,Saturday,19,35.099323,-89.84542,Possible Injury,Pedestrian,Intersection-On Roadway Crosswalk availability Unknown,Intersection,Dark-Lighted,Not Collision with Motor Vehicle in Transport,Pedestrian,2,True,TDOT state route,POPLAR AVE,Principal Arterial,40.0,7.0,57,2.0,3.6282573727104,TDOT
300859667,2023-01-07,2023-01-07 18:55:00,2023,1,Saturday,18,35.033012,-90.02144,Possible Injury,Pedestrian,Intersection-On Roadway Crosswalk Not Available,Intersection,Dark-Not Lighted,Not Collision with Motor Vehicle in Transport,Pedestrian,1,True,City of Memphis,,,,,,,340.6193832991055,City of Memphis
300858949,2023-01-04,2023-01-04 15:10:00,2023,1,Wednesday,15,35.11676,-90.03054,Possible Injury,Pedestrian,Not Intersection-On Roadway Crosswalk not Available,SharedUsePathOrTrail,Daylight,Not Collision with Motor Vehicle in Transport,Pedestrian,1,True,City of Memphis,,,,,,,816.8513402500857,City of Memphis
300859466,2023-01-07,2023-01-07 00:03:00,2023,1,Saturday,0,35.14826,-90.043564,Possible Injury,Pedestrian,Intersection-On Roadway Crosswalk availability Unknown,Intersection,Dark-Lighted,Not Collision with Motor Vehicle in Transport,Pedestrian,1,True,City of Memphis,N DANNY THOMAS BLVD,Principal Arterial,35.0,7.0,1,7.0,1.394637586416222,TDOT
300858660,2023-01-02,2023-01-02 22:45:00,2023,1,Monday,22,35.234222,-89.925735,Suspected Serious Injury,Pedestrian,Not Intersection-On Roadway Not In Crosswalk,Intersection,Dark-Lighted,Not Collision with Motor Vehicle in Transport,Pedestrian,1,True,City of Memphis,,,,,,,2082.267352723347,City of Memphis
300860961,2023-01-14,2023-01-14 18:35:00,2023,1,Saturday,18,35.06228,-89.88635,Possible Injury,Pedestrian,Not Intersection-On Roadway Not In Crosswalk,Intersection,Dark-Lighted,Not Collision with Motor Vehicle in Transport,Pedestrian,1,True,City of Memphis,,,,,,,2241.208860033212,City of Memphis
300860031,2023-01-03,2023-01-03 12:00:00,2023,1,Tuesday,12,35.077984,-90.02098,No Injury,Other Non-Motorist,Unknown,Non-Junction,Daylight,Not Collision with Motor Vehicle in Transport,Other,1,True,City of Memphis,,,,,,,129.39967633498196,City of Memphis
300860549,2023-01-12,2023-01-12 20:20:00,2023,1,Thursday,20,35.06016,-89.84379,Possible Injury,Pedestrian,Intersection-In Crosswalk,Intersection-Related,Dark-Not Lighted,Not Collision with Motor Vehicle in Transport,Pedestrian,1,True,City of Memphis,,,,,,,561.9511437548804,City of Memphis
300859497,2023-01-07,2023-01-07 17:54:00,2023,1,Saturday,17,35.048244,-90.082054,Unknown,Pedestrian,Intersection-Unknown,Intersection,Dark-Lighted,Not Collision with Motor Vehicle in Transport,Pedestrian,1,True,City of Memphis,,,,,,,1525.0835637256698,City of Memphis
300860561,2023-01-11,2023-01-11 20:00:00,2023,1,Wednesday,20,35.055153,-89.856476,Possible Injury,Pedestrian,Intersection-On Roadway Crosswalk Not Available,Non-Junction,Dawn,Not Collision with Motor Vehicle in Transport,Pedestrian,1,True,City of Memphis,,,,,,,1655.8834074223232,City of Memphis