MstrRecNbrTxt,CollisionDate,CollisionDteTime,YearNmb,Month,DayOfWeek,Hour,Latitude,Longitude,InjuryClass,PersonType,NonMotoristLocation,RelationToJunction,LightCondition,MannerOfCollision,FirstHarmfulEvent,VictimsInCrash,InMemphis,Jurisdiction,StateRoute_NAME,StateRoute_F_System,StateRoute_SPDLIMIT,StateRoute_LANES,StateRoute_ALTNAME_1,StateRoute_Council_District,DistToStateRoute_m,Jurisdiction_prev
300864771,2023-02-02,2023-02-02 22:00:00,2023,2,Thursday,22,35.046165,-90.0574,No Injury,Pedestrian,Not Intersection-Other Not On Roadway,Unknown,Unknown,Not Collision with Motor Vehicle in Transport,Other,1,True,City of Memphis,,,,,,,523.3576985319885,City of Memphis
300863294,2023-01-26,2023-01-26 18:44:00,2023,1,Thursday,18,35.221054,-89.96052,Possible Injury,Pedestrian,Intersection-On Roadway not in Crosswalk,Intersection,Dawn,Not Collision with Motor Vehicle in Transport,Pedestrian,1,True,City of Memphis,,,,,,,3781.197386858452,City of Memphis
300867899,2023-02-18,2023-02-18 19:47:00,2023,2,Saturday,19,35.128242,-90.06182,Possible Injury,Pedestrian,Intersection-In Crosswalk,Intersection,Dark-Lighted,Not Collision with Motor Vehicle in Transport,Pedestrian,1,True,City of Memphis,,,,,,,394.4880919375932,City of Memphis
300862283,2023-01-21,2023-01-21 19:47:00,2023,1,Saturday,19,35.13463,-90.04869,Possible Injury,Pedestrian,Not Intersection-Bike Path,AccelDecelLane,Dark-Lighted,Not Collision with Motor Vehicle in Transport,Pedestrian,1,True,City of Memphis,,,,,,,191.351397248328,City of Memphis
300866809,2023-02-12,2023-02-12 21:03:00,2023,2,Sunday,21,35.16381,-90.0092,Possible Injury,Pedestrian,Intersection-On Roadway Crosswalk Not Available,AccelDecelLane,Unknown,Not Collision with Motor Vehicle in Transport,Pedestrian,1,True,City of Memphis,,,,,,,538.5587598279825,City of Memphis
300862071,2023-01-20,2023-01-20 17:00:00,2023,1,Friday,17,35.061424,-90.023605,Possible Injury,Pedestrian,Intersection-In Crosswalk,Intersection,Dusk,Not Collision with Motor Vehicle in Transport,Pedestrian,1,True,TDOT state route,ELVIS PRESLEY BLVD,Principal Arterial,40.0,6.0,3,6.0,1.88989526332768,TDOT
300868423,2023-02-21,2023-02-21 09:40:00,2023,2,Tuesday,9,35.124565,-89.90786,Possible Injury,Pedestrian,Not Intersection-Adjacent to Roadway,Intersection,Daylight,Not Collision with Motor Vehicle in Transport,Pedestrian,1,True,City of Memphis,,,,,,,728.9457465203587,City of Memphis
300867695,2023-02-17,2023-02-17 19:00:00,2023,2,Friday,19,35.06423,-89.845,Suspected Serious Injury,Pedestrian,Not Intersection-On Roadway Not In Crosswalk,Non-Junction,Dawn,Not Collision with Motor Vehicle in Transport,Pedestrian,1,True,City of Memphis,,,,,,,307.4659022138898,City of Memphis
300868158,2023-02-16,2023-02-16 18:10:00,2023,2,Thursday,18,35.245083,-89.793088,Suspected Minor Injury,Pedestrian,Not Intersection-Unknown,SharedUsePathOrTrail,Dark-Lighted,Not Collision with Motor Vehicle in Transport,Pedestrian,1,False,Suburban-Shelby,,,,,,,,Suburban-Shelby
300863323,2023-01-26,2023-01-26 22:40:00,2023,1,Thursday,22,35.010193,-90.00763,No Injury,Pedestrian,Not Intersection-Unknown,Intersection-Related,Dark-Not Lighted,Angle,Other,1,True,City of Memphis,,,,,,,1206.1447141587255,City of Memphis
300867946,2023-02-19,2023-02-19 00:20:00,2023,2,Sunday,0,35.15307,-89.88861,Suspected Serious Injury,Pedestrian,Intersection-Unknown,Intersection,Dark-Lighted,Not Collision with Motor Vehicle in Transport,Pedestrian,1,True,City of Memphis,SUMMER AVE,Principal Arterial,40.0,7.0,1,5.0,2.9276120821757807,TDOT
300862832,2023-01-24,2023-01-24 16:05:00,2023,1,Tuesday,16,35.02104,-89.98982,Unknown,Pedestrian,Intersection-On Roadway not in Crosswalk,Intersection,Daylight,Not Collision with Motor Vehicle in Transport,Pedestrian,1,True,City of Memphis,E SHELBY DR,Principal Arterial,40.0,7.0,175,3.0,5.227872065290232,TDOT
300862344,2023-01-22,2023-01-22 01:30:00,2023,1,Sunday,1,35.083305,-90.01855,Possible Injury,Pedestrian,Not Intersection-On Roadway Not In Crosswalk,Intersection,Dark-Lighted,Not Collision with Motor Vehicle in Transport,Pedestrian,1,True,City of Memphis,ELVIS PRESLEY BLVD,Minor Arterial,40.0,4.0,3,6.0,0.025171471139501,TDOT
300861852,2023-01-18,2023-01-18 17:32:00,2023,1,Wednesday,17,35.085995,-89.96237,Possible Injury,Pedestrian,Intersection-On Roadway Crosswalk availability Unknown,Intersection-Related,Dark-Not Lighted,Not Collision with Motor Vehicle in Transport,Pedestrian,1,True,City of Memphis,LAMAR AVE,Principal Arterial,40.0,5.0,4,4.0,3.2955919255992128,TDOT
300862589,2023-01-23,2023-01-23 08:00:00,2023,1,Monday,8,35.057922,-90.08071,Suspected Minor Injury,Other Non-Motorist,Unknown,AccelDecelLane,Daylight,Not Collision with Motor Vehicle in Transport,Pedestrian,2,True,City of Memphis,,,,,,,1901.0869151816253,City of Memphis
300867963,2023-02-16,2023-02-16 18:00:00,2023,2,Thursday,18,35.145138,-90.031746,Possible Injury,Pedestrian,Intersection-Unknown,Unknown,Unknown,Unknown,Other,1,True,City of Memphis,,,,,,,740.9813598882411,City of Memphis
300862887,2023-01-23,2023-01-23 17:48:00,2023,1,Monday,17,35.062195,-89.85703,Suspected Serious Injury,Pedestrian,Intersection-In Crosswalk,Intersection,Dawn,Not Collision with Motor Vehicle in Transport,Pedestrian,1,True,City of Memphis,,,,,,,961.0805311888058,City of Memphis
300867496,2023-02-16,2023-02-16 18:10:00,2023,2,Thursday,18,35.158142,-90.01176,Suspected Minor Injury,Pedestrian,Intersection-On Roadway not in Crosswalk,AccelDecelLane,Dark-Not Lighted,Not Collision with Motor Vehicle in Transport,Pedestrian,1,True,TDOT state route,JACKSON AVE,Principal Arterial,35.0,4.0,14,7.0,4.859198920869678,TDOT
300863135,2023-01-21,2023-01-21 00:00:00,2023,1,Saturday,99,35.168309,-89.814305,No Injury,Pedestrian,Intersection-Not on Roadway,Non-Junction,Unknown,Not Collision with Motor Vehicle in Transport,Other,1,False,Suburban-Shelby,,,,,,,,Suburban-Shelby
300864171,2023-01-20,2023-01-20 15:30:00,2023,1,Friday,15,35.157675,-89.727615,No Injury,Pedestrian,Intersection-On Roadway Crosswalk Not Available,Intersection,Daylight,Not Collision with Motor Vehicle in Transport,Pedestrian,1,False,Suburban-Shelby,,,,,,,,Suburban-Shelby
300864461,2023-01-21,2023-01-21 23:19:00,2023,1,Saturday,23,35.083454,-90.02569,Possible Injury,Pedestrian,Not Intersection-Adjacent to Roadway,Entrance/Exit Ramp Related,Dark-Not Lighted,Not Collision with Motor Vehicle in Transport,Pedestrian,1,True,City of Memphis,,,,,,,649.8630810089344,City of Memphis
300862673,2023-01-23,2023-01-23 19:30:00,2023,1,Monday,19,35.21309,-90.00359,Possible Injury,Pedestrian,Intersection-In Crosswalk,Intersection,Dark-Lighted,Not Collision with Motor Vehicle in Transport,Pedestrian,1,True,City of Memphis,,,,,,,2247.451389386244,City of Memphis
300862268,2023-01-21,2023-01-21 15:50:00,2023,1,Saturday,15,35.20146,-90.007744,Suspected Minor Injury,Pedestrian,Not Intersection-On Roadway Not In Crosswalk,Intersection-Related,Daylight,Angle,Other,1,True,City of Memphis,,,,,,,2386.9006571964437,City of Memphis
300865750,2023-02-08,2023-02-08 00:20:00,2023,2,Wednesday,0,35.0533,-89.99128,Suspected Serious Injury,Pedestrian,Not Intersection-On Roadway Not In Crosswalk,Non-Junction,Dark-Lighted,Not Collision with Motor Vehicle in Transport,Pedestrian,1,True,City of Memphis,,,,,,,3069.112007722229,City of Memphis
300866299,2023-02-10,2023-02-10 14:21:00,2023,2,Friday,14,35.021023,-90.00753,Possible Injury,Pedestrian,Intersection-Not on Roadway,Intersection,Daylight,Angle,Other,1,True,City of Memphis,E SHELBY DR,Minor Arterial,40.0,7.0,175,3.0,4.930182143371714,TDOT
300864254,2023-01-30,2023-01-30 20:40:00,2023,1,Monday,20,35.1069,-90.02119,Suspected Minor Injury,Pedestrian,Not Intersection-On Roadway Crosswalk Availability Unknown,Intersection,Dark-Lighted,Not Collision with Motor Vehicle in Transport,Pedestrian,1,True,City of Memphis,ELVIS PRESLEY BLVD,Minor Arterial,40.0,4.0,3,4.0,1.141694593306949,TDOT
300864280,2023-01-28,2023-01-28 14:35:00,2023,1,Saturday,14,35.0133,-90.09468,Fatal,Pedestrian,Not Intersection-On Roadway Not In Crosswalk,Non-Junction,Daylight,Not Collision with Motor Vehicle in Transport,Pedestrian,1,True,TDOT state route,,,,,,,50.20447705938295,City of Memphis
300861959,2023-01-19,2023-01-19 06:35:00,2023,1,Thursday,6,35.21169,-89.765051,Suspected Serious Injury,Pedestrian,Not Intersection-On Roadway Crosswalk not Available,Non-Junction,Dark-Not Lighted,Not Collision with Motor Vehicle in Transport,Pedestrian,1,False,Suburban-Shelby,,,,,,,,Suburban-Shelby
300863500,2023-01-27,2023-01-27 19:13:00,2023,1,Friday,19,35.09297,-89.93103,Suspected Serious Injury,Pedestrian,Intersection-On Roadway not in Crosswalk,AccelDecelLane,Dark-Lighted,Not Collision with Motor Vehicle in Transport,Pedestrian,1,True,City of Memphis,,,,,,,1385.7381949570763,City of Memphis
300866060,2023-02-08,2023-02-08 19:00:00,2023,2,Wednesday,19,35.106213,-89.969765,Possible Injury,Pedestrian,Intersection-On Roadway not in Crosswalk,Non-Junction,Dark-Lighted,Not Collision with Motor Vehicle in Transport,Pedestrian,1,True,City of Memphis,,,,,,,913.2343312224942,City of Memphis
300864284,2023-01-31,2023-01-31 17:30:00,2023,1,Tuesday,17,35.15775,-90.02433,Possible Injury,Pedestrian,Not Intersection-Unknown,Non-Junction,Daylight,Not Collision with Motor Vehicle in Transport,Other,1,True,TDOT state route,,,,,,,51.37163207397424,City of Memphis
300863228,2023-01-26,2023-01-26 16:20:00,2023,1,Thursday,16,35.122772,-89.99094,Possible Injury,Pedestrian,Not Intersection-On Roadway Not In Crosswalk,Intersection,Dawn,Not Collision with Motor Vehicle in Transport,Pedestrian,1,True,City of Memphis,,,,,,,607.2186180082374,City of Memphis
300863989,2023-01-30,2023-01-30 06:50:00,2023,1,Monday,6,35.175808,-89.76771,No Injury,Pedestrian,Not Intersection-Outside Traffic,Intersection-Related,Daylight,Not Collision with Motor Vehicle in Transport,Other,1,True,City of Memphis,,,,,,,2301.3109606333924,City of Memphis
300867018,2023-02-14,2023-02-14 18:05:00,2023,2,Tuesday,18,35.135986,-90.020706,Suspected Serious Injury,Pedestrian,Intersection-On Roadway Crosswalk availability Unknown,Intersection,Dark-Lighted,Not Collision with Motor Vehicle in Transport,Pedestrian,1,True,City of Memphis,S BELLEVUE BLVD,Major Collector,35.0,4.0,3,6.0,0.0664531757157517,TDOT
300873679,2023-03-16,2023-03-16 21:30:00,2023,3,Thursday,21,35.10955,-90.021736,Possible Injury,Pedestrian,Not Intersection-On Roadway Not In Crosswalk,Crossover-Related,Dark-Lighted,Not Collision with Motor Vehicle in Transport,Pedestrian,1,True,City of Memphis,ELVIS PRESLEY BLVD,Minor Arterial,35.0,5.0,3,4.0,1.237786142674003,TDOT
300870763,2023-03-03,2023-03-03 08:30:00,2023,3,Friday,8,35.149506,-89.90439,Possible Injury,Pedestrian,Intersection-In Crosswalk,Intersection,Daylight,Not Collision with Motor Vehicle in Transport,Pedestrian,1,True,TDOT state route,,,,,,,91.61969892945676,City of Memphis
300869507,2023-02-25,2023-02-25 10:00:00,2023,2,Saturday,10,35.151417,-89.98071,Possible Injury,Pedestrian,Intersection-In Crosswalk,Intersection,Daylight,Not Collision with Motor Vehicle in Transport,Pedestrian,1,True,TDOT state route,,,,,,,41.71929117188468,City of Memphis
300871066,2023-03-04,2023-03-04 10:08:00,2023,3,Saturday,10,35.091415,-89.90695,No Injury,Pedestrian,Not Intersection-Outside Traffic,Intersection,Daylight,Angle,Other,1,True,City of Memphis,,,,,,,2530.603829056625,City of Memphis
300870152,2023-02-28,2023-02-28 23:10:00,2023,2,Tuesday,23,35.083065,-89.93171,Suspected Serious Injury,Pedestrian,Not Intersection-On Roadway Not In Crosswalk,Non-Junction,Dark-Lighted,Not Collision with Motor Vehicle in Transport,Pedestrian,1,True,City of Memphis,,,,,,,288.9813946539055,City of Memphis
300870798,2023-03-01,2023-03-01 20:20:00,2023,3,Wednesday,20,35.02046,-90.0481,Fatal,Pedestrian,Not Intersection-On Roadway Not In Crosswalk,Non-Junction,Dark-Not Lighted,Not Collision with Motor Vehicle in Transport,Pedestrian,1,True,City of Memphis,,,,,,,46.24652005857063,City of Memphis
300870841,2023-03-02,2023-03-02 21:25:00,2023,3,Thursday,21,35.050034,-89.86632,No Injury,Other Non-Motorist,Not Intersection-On Roadway Not In Crosswalk,Intersection,Dark-Lighted,Angle,Other,1,True,City of Memphis,,,,,,,2540.978528261106,City of Memphis
300871117,2023-03-05,2023-03-05 01:05:00,2023,3,Sunday,1,35.18188,-89.79283,Possible Injury,Pedestrian,Not Intersection-On Roadway Not In Crosswalk,Non-Junction,Dark-Unknown Lighting,Not Collision with Motor Vehicle in Transport,Pedestrian,1,True,City of Memphis,N GERMANTOWN PKWY,Principal Arterial,50.0,6.0,177,1.0,0.2018291166278762,TDOT
300871977,2023-03-08,2023-03-08 17:05:00,2023,3,Wednesday,17,35.100784,-89.97206,Possible Injury,Pedestrian,Intersection-On Roadway not in Crosswalk,Intersection,Dawn,Not Collision with Motor Vehicle in Transport,Pedestrian,1,True,City of Memphis,,,,,,,292.59239367790923,City of Memphis
300874516,2023-03-21,2023-03-21 15:45:00,2023,3,Tuesday,15,35.139824,-89.80343,Possible Injury,Pedestrian,Intersection-On Roadway not in Crosswalk,Intersection-Related,Daylight,Not Collision with Motor Vehicle in Transport,Pedestrian,1,True,City of Memphis,,,,,,,701.1721769699735,City of Memphis
300864056,2023-01-23,2023-01-23 20:15:00,2023,1,Monday,20,35.050297,-89.87499,No Injury,Pedestrian,Not Intersection-Outside Traffic,AccelDecelLane,Dark-Lighted,Not Collision with Motor Vehicle in Transport,Other,1,True,City of Memphis,,,,,,,2918.6298902878225,City of Memphis
300870580,2023-03-02,2023-03-02 20:15:00,2023,3,Thursday,20,35.137314,-89.994194,Suspected Serious Injury,Pedestrian,Intersection-In Crosswalk,Intersection,Dark-Lighted,Not Collision with Motor Vehicle in Transport,Pedestrian,1,True,City of Memphis,,,,,,,297.3456598905418,City of Memphis
300872002,2023-03-05,2023-03-05 17:10:00,2023,3,Sunday,17,35.014134,-89.803081,Suspected Serious Injury,Pedestrian,Not Intersection-On Roadway Not In Crosswalk,Non-Junction,Dark-Not Lighted,Not Collision with Motor Vehicle in Transport,Pedestrian,1,False,Suburban-Shelby,,,,,,,,Suburban-Shelby
300868788,2023-02-23,2023-02-23 03:15:00,2023,2,Thursday,3,35.226337,-90.02248,Possible Injury,Pedestrian,Not Intersection-On Roadway Not In Crosswalk,Non-Junction,Dark-Lighted,Not Collision with Motor Vehicle in Transport,Pedestrian,1,True,City of Memphis,THOMAS ST,,40.0,2.0,3,7.0,2.07890929853068,TDOT
300868671,2023-02-20,2023-02-20 20:00:00,2023,2,Monday,20,35.142185,-89.913795,Possible Injury,Pedestrian,Not Intersection-Adjacent to Roadway,"Driveway, Alley Access, etc",Dark-Unknown Lighting,Other,Other,1,True,City of Memphis,,,,,,,742.3751022892592,City of Memphis
300873572,2023-03-16,2023-03-16 21:09:00,2023,3,Thursday,21,35.067947,-89.84247,Suspected Serious Injury,Pedestrian,Not Intersection-On Roadway Not In Crosswalk,Non-Junction,Daylight,Not Collision with Motor Vehicle in Transport,Pedestrian,1,True,City of Memphis,,,,,,,147.77291105618804,City of Memphis
300869980,2023-02-28,2023-02-28 07:30:00,2023,2,Tuesday,7,35.09506,-90.07175,Suspected Serious Injury,Pedestrian,Intersection-In Crosswalk,Non-Junction,Daylight,Not Collision with Motor Vehicle in Transport,Pedestrian,1,True,City of Memphis,,,,,,,1440.6327302365282,City of Memphis
300869437,2023-02-25,2023-02-25 21:29:00,2023,2,Saturday,21,35.053326,-90.02045,Possible Injury,Pedestrian,Intersection-On Roadway not in Crosswalk,Intersection,Dark-Lighted,Not Collision with Motor Vehicle in Transport,Pedestrian,1,True,City of Memphis,,,,,,,418.37472352027993,City of Memphis
300869117,2023-02-20,2023-02-20 18:30:00,2023,2,Monday,18,35.06238,-89.90577,Possible Injury,Pedestrian,Intersection-On Roadway not in Crosswalk,Intersection,Dawn,Not Collision with Motor Vehicle in Transport,Pedestrian,1,True,City of Memphis,,,,,,,2133.1923531889306,City of Memphis
300871759,2023-03-08,2023-03-08 00:15:00,2023,3,Wednesday,0,35.127785,-89.94525,Suspected Serious Injury,Pedestrian,Intersection-In Crosswalk,Intersection,Dark-Lighted,Not Collision with Motor Vehicle in Transport,Pedestrian,1,True,TDOT state route,POPLAR AVE,Principal Arterial,40.0,7.0,57,5.0,4.8265396384912655,TDOT
300873088,2023-03-14,2023-03-14 06:02:00,2023,3,Tuesday,6,35.216984,-89.90984,Possible Injury,Pedestrian,Not Intersection-Outside Traffic,Intersection,Dark-Lighted,Not Collision with Motor Vehicle in Transport,Pedestrian,1,True,City of Memphis,,,,,,,248.13680391952343,City of Memphis
300869176,2023-02-20,2023-02-20 20:51:00,2023,2,Monday,20,35.23399,-89.89301,Possible Injury,Pedestrian,Intersection-Unknown,AccelDecelLane,Dawn,Not Collision with Motor Vehicle in Transport,Pedestrian,1,True,TDOT state route,,,,,,,62.9896923887765,City of Memphis
300868831,2023-02-17,2023-02-17 20:00:00,2023,2,Friday,20,35.14714,-90.050514,Possible Injury,Pedestrian,Intersection-On Roadway Crosswalk availability Unknown,Non-Junction,Dark-Lighted,Not Collision with Motor Vehicle in Transport,Pedestrian,1,True,TDOT state route,N SECOND ST,Minor Arterial,35.0,3.0,3,6.0,12.139923353682878,TDOT
300868833,2023-02-23,2023-02-23 08:00:00,2023,2,Thursday,8,35.07851,-89.85198,Possible Injury,Pedestrian,Intersection-In Crosswalk,Intersection,Daylight,Not Collision with Motor Vehicle in Transport,Pedestrian,1,True,City of Memphis,,,,,,,828.846204649922,City of Memphis
300870934,2023-03-03,2023-03-03 13:29:00,2023,3,Friday,13,35.061687,-90.02356,No Injury,Pedestrian,Intersection-In Crosswalk,Intersection,Daylight,Not Collision with Motor Vehicle in Transport,Pedestrian,1,True,City of Memphis,ELVIS PRESLEY BLVD,Principal Arterial,40.0,6.0,3,6.0,0.3988418671522159,TDOT
300872885,2023-03-13,2023-03-13 09:05:00,2023,3,Monday,9,35.11621,-89.94114,Possible Injury,Pedestrian,Intersection-On Roadway Crosswalk availability Unknown,Unknown,Daylight,Not Collision with Motor Vehicle in Transport,Pedestrian,1,True,City of Memphis,,,,,,,1156.135705316395,City of Memphis
300872411,2023-03-09,2023-03-09 20:00:00,2023,3,Thursday,20,35.138493,-90.04675,Possible Injury,Pedestrian,Intersection-Unknown,OtherLocation,Dark-Lighted,Not Collision with Motor Vehicle in Transport,Pedestrian,1,True,City of Memphis,,,,,,,81.02270173520364,City of Memphis
300873132,2023-03-14,2023-03-14 16:25:00,2023,3,Tuesday,16,35.145554,-90.0541,Possible Injury,Pedestrian,Intersection-In Crosswalk,Intersection,Daylight,Not Collision with Motor Vehicle in Transport,Pedestrian,1,True,City of Memphis,,,,,,,244.60647152698743,City of Memphis
300874120,2023-03-19,2023-03-19 20:00:00,2023,3,Sunday,20,35.05527,-90.06011,Possible Injury,Pedestrian,Intersection-On Roadway Crosswalk Not Available,Intersection,Dark-Lighted,Not Collision with Motor Vehicle in Transport,Pedestrian,1,True,City of Memphis,S THIRD ST,Principal Arterial,45.0,7.0,14,6.0,0.6584498041918765,TDOT
300870394,2023-03-01,2023-03-01 19:51:00,2023,3,Wednesday,19,35.161568,-89.911835,Suspected Serious Injury,Pedestrian,Not Intersection-On Roadway Crosswalk not Available,Non-Junction,Dark-Lighted,Not Collision with Motor Vehicle in Transport,Pedestrian,1,True,City of Memphis,,,,,,,1209.6563479836586,City of Memphis
300871258,2023-03-05,2023-03-05 15:30:00,2023,3,Sunday,15,35.217564,-90.00319,Possible Injury,Pedestrian,Intersection-Not on Roadway,Unknown,Daylight,Not Collision with Motor Vehicle in Transport,Pedestrian,1,True,City of Memphis,,,,,,,2000.122896875299,City of Memphis
300869750,2023-02-27,2023-02-27 12:49:00,2023,2,Monday,12,35.079403,-89.98616,Possible Injury,Pedestrian,Intersection-In Crosswalk,Intersection,Daylight,Not Collision with Motor Vehicle in Transport,Pedestrian,1,True,City of Memphis,,,,,,,2205.6649140461814,City of Memphis
300869268,2023-02-25,2023-02-25 03:00:00,2023,2,Saturday,3,35.14938,-89.95565,Suspected Serious Injury,Pedestrian,Not Intersection-On Roadway Not In Crosswalk,Non-Junction,Dark-Lighted,Not Collision with Motor Vehicle in Transport,Pedestrian,1,True,TDOT state route,SUMMER AVE,Principal Arterial,35.0,5.0,1,5.0,4.891167395213143,TDOT
300868932,2023-02-23,2023-02-23 16:20:00,2023,2,Thursday,16,35.11564,-90.054596,Suspected Minor Injury,Pedestrian,Intersection-On Roadway not in Crosswalk,Intersection,Daylight,Not Collision with Motor Vehicle in Transport,Pedestrian,1,True,City of Memphis,,,,,,,57.15375680002511,City of Memphis
300880468,2023-04-17,2023-04-17 02:14:00,2023,4,Monday,2,35.174213,-89.9309,No Injury,Pedestrian,Not Intersection-Outside Traffic,Non-Junction,Dark-Lighted,Not Collision with Motor Vehicle in Transport,Other,1,True,City of Memphis,,,,,,,723.4522179328081,City of Memphis
300876479,2023-03-30,2023-03-30 00:00:00,2023,3,Thursday,99,35.14544,-89.97798,Possible Injury,Pedestrian,Intersection-On Roadway not in Crosswalk,Intersection,Unknown,Not Collision with Motor Vehicle in Transport,Pedestrian,1,True,City of Memphis,,,,,,,378.9935011078309,City of Memphis
300878793,2023-04-02,2023-04-02 21:10:00,2023,4,Sunday,21,35.182835,-89.87134,Suspected Serious Injury,Pedestrian,Not Intersection-On Roadway Crosswalk not Available,AccelDecelLane,Dark-Lighted,Not Collision with Motor Vehicle in Transport,Pedestrian,1,True,City of Memphis,,,,,,,970.4658877226198,City of Memphis
300879049,2023-04-10,2023-04-10 17:00:00,2023,4,Monday,17,35.211857,-90.03223,Possible Injury,Pedestrian,Intersection-On Roadway not in Crosswalk,Unknown,Daylight,Not Collision with Motor Vehicle in Transport,Pedestrian,1,True,City of Memphis,THOMAS ST,,40.0,2.0,3,7.0,0.1308764148219398,TDOT
300875404,2023-03-25,2023-03-25 05:47:00,2023,3,Saturday,5,35.064396,-90.05854,Possible Injury,Pedestrian,Intersection-Unknown,Unknown,Dark-Lighted,Not Collision with Motor Vehicle in Transport,Pedestrian,1,True,City of Memphis,,,,,,,48.61238176517109,City of Memphis
300874593,2023-03-21,2023-03-21 19:58:00,2023,3,Tuesday,19,35.1364,-90.0123,Possible Injury,Pedestrian,Not Intersection-On Roadway Not In Crosswalk,Non-Junction,Dark-Not Lighted,Not Collision with Motor Vehicle in Transport,Pedestrian,1,True,TDOT state route,UNION AVE,Principal Arterial,35.0,6.0,23,5.0,4.789465351720647,TDOT
300875439,2023-03-21,2023-03-21 19:51:00,2023,3,Tuesday,19,35.136389,-90.012102,Fatal,Pedestrian,Intersection-On Roadway not in Crosswalk,Non-Junction,Dark-Not Lighted,Not Collision with Motor Vehicle in Transport,Pedestrian,1,True,TDOT state route,UNION AVE,Principal Arterial,35.0,6.0,23,5.0,3.893781361960777,TDOT
300880044,2023-04-13,2023-04-13 18:15:00,2023,4,Thursday,18,35.21955,-90.019714,Suspected Serious Injury,Pedestrian,Not Intersection-On Roadway Not In Crosswalk,Non-Junction,Daylight,Not Collision with Motor Vehicle in Transport,Pedestrian,2,True,City of Memphis,,,,,,,633.6922081122914,City of Memphis
300879716,2023-04-12,2023-04-12 19:20:00,2023,4,Wednesday,19,35.233414,-89.96662,Suspected Serious Injury,Pedestrian,Not Intersection-On Roadway Not In Crosswalk,Non-Junction,Dark-Lighted,Not Collision with Motor Vehicle in Transport,Pedestrian,1,True,City of Memphis,,,,,,,3719.372030467208,City of Memphis
300875686,2023-03-26,2023-03-26 16:55:00,2023,3,Sunday,16,35.216885,-90.03026,Suspected Serious Injury,Pedestrian,Not Intersection-On Roadway Not In Crosswalk,Intersection-Related,Daylight,Not Collision with Motor Vehicle in Transport,Pedestrian,1,True,City of Memphis,THOMAS ST,,40.0,2.0,3,7.0,1.8470710670347965,TDOT
300875440,2023-03-24,2023-03-24 19:05:00,2023,3,Friday,19,35.06031,-90.059875,Suspected Serious Injury,Pedestrian,Not Intersection-On Roadway Not In Crosswalk,Non-Junction,Dark-Lighted,Not Collision with Motor Vehicle in Transport,Pedestrian,1,True,City of Memphis,,,,,,,34.935709416551944,City of Memphis
300875441,2023-03-24,2023-03-24 19:06:00,2023,3,Friday,19,35.06031,-90.059875,Suspected Serious Injury,Pedestrian,Not Intersection-On Roadway Not In Crosswalk,Non-Junction,Dark-Lighted,Not Collision with Motor Vehicle in Transport,Pedestrian,1,True,City of Memphis,,,,,,,34.935709416551944,City of Memphis
300876593,2023-03-30,2023-03-30 16:50:00,2023,3,Thursday,16,35.22097,-89.909355,No Injury,Pedestrian,Intersection-On Roadway Crosswalk availability Unknown,Intersection-Related,Daylight,Not Collision with Motor Vehicle in Transport,Pedestrian,1,True,TDOT state route,AUSTIN PEAY HWY,Principal Arterial,45.0,7.0,14,1.0,2.825632746179556,TDOT
300880304,2023-04-15,2023-04-15 11:20:00,2023,4,Saturday,11,35.133396,-89.98055,Suspected Serious Injury,Pedestrian,Not Intersection-Outside Traffic,Intersection,Daylight,Not Collision with Motor Vehicle in Transport,Pedestrian,1,True,City of Memphis,UNION AVE,Principal Arterial,35.0,7.0,23,5.0,5.056229106128405,TDOT
300878657,2023-04-08,2023-04-08 15:00:00,2023,4,Saturday,15,35.093174,-89.977615,Suspected Minor Injury,Pedestrian,Not Intersection-On Roadway Not In Crosswalk,Non-Junction,Daylight,Not Collision with Motor Vehicle in Transport,Pedestrian,1,True,City of Memphis,,,,,,,674.0651701802766,City of Memphis
300876625,2023-03-29,2023-03-29 22:05:00,2023,3,Wednesday,22,35.078083,-90.0195,Possible Injury,Pedestrian,Not Intersection-On Roadway Not In Crosswalk,Non-Junction,Dark-Lighted,Not Collision with Motor Vehicle in Transport,Pedestrian,1,True,City of Memphis,ELVIS PRESLEY BLVD,Minor Arterial,40.0,4.0,3,6.0,0.7868663802562404,TDOT