MstrRecNbrTxt,CollisionDate,CollisionDteTime,YearNmb,Month,DayOfWeek,Hour,Latitude,Longitude,InjuryClass,PersonType,NonMotoristLocation,RelationToJunction,LightCondition,MannerOfCollision,FirstHarmfulEvent,VictimsInCrash,InMemphis,Jurisdiction,StateRoute_NAME,StateRoute_F_System,StateRoute_SPDLIMIT,StateRoute_LANES,StateRoute_ALTNAME_1,StateRoute_Council_District,DistToStateRoute_m,Jurisdiction_prev
300906290,2023-08-21,2023-08-21 03:48:00,2023,8,Monday,3,35.06071,-89.86594,Possible Injury,Pedestrian,Not Intersection-On Roadway Crosswalk not Available,Intersection-Related,Dark-Lighted,Angle,Other,1,True,City of Memphis,,,,,,,1498.8597814121342,City of Memphis
300910784,2023-09-13,2023-09-13 21:10:00,2023,9,Wednesday,21,35.11839,-89.984856,Fatal,Pedestrian,Not Intersection-On Roadway Not In Crosswalk,Non-Junction,Dark-Not Lighted,Not Collision with Motor Vehicle in Transport,Pedestrian,1,True,City of Memphis,,,,,,,41.16899674026493,City of Memphis
300870433,2023-03-02,2023-03-02 04:40:00,2023,3,Thursday,4,35.10188,-89.870285,Fatal,Pedestrian,Not Intersection-On Roadway Not In Crosswalk,Non-Junction,Dark-Lighted,Not Collision with Motor Vehicle in Transport,Pedestrian,1,True,TDOT state route,POPLAR AVE,Principal Arterial,40.0,3.0,57,5.0,4.854633645179367,TDOT
300909070,2023-09-01,2023-09-01 12:00:00,2023,9,Friday,12,35.083168,-89.97186,Possible Injury,Pedestrian,Not Intersection-On Roadway Not In Crosswalk,Non-Junction,Daylight,Not Collision with Motor Vehicle in Transport,Pedestrian,1,True,City of Memphis,,,,,,,881.9956113068338,City of Memphis
300906332,2023-08-18,2023-08-18 21:34:00,2023,8,Friday,21,35.02042,-89.79926,Possible Injury,Pedestrian,Not Intersection-Unknown,OtherLocation,Dark-Not Lighted,Not Collision with Motor Vehicle in Transport,Pedestrian,1,False,Suburban-Shelby,,,,,,,,Suburban-Shelby
300906065,2023-08-20,2023-08-20 00:00:00,2023,8,Sunday,0,35.138485,-90.01186,Possible Injury,Pedestrian,Intersection-In Crosswalk,Unknown,Dark-Lighted,Not Collision with Motor Vehicle in Transport,Pedestrian,1,True,City of Memphis,,,,,,,229.6325512179848,City of Memphis
300915113,2023-10-03,2023-10-03 18:27:00,2023,10,Tuesday,18,35.100945,-89.997475,Possible Injury,Pedestrian,Not Intersection-On Roadway Not In Crosswalk,AccelDecelLane,Dawn,Not Collision with Motor Vehicle in Transport,Pedestrian,1,True,City of Memphis,,,,,,,1142.308759478437,City of Memphis
300914271,2023-09-30,2023-09-30 19:30:00,2023,9,Saturday,19,35.168327,-89.87949,Possible Injury,Pedestrian,Intersection-Unknown,Non-Junction,Dark-Not Lighted,Not Collision with Motor Vehicle in Transport,Pedestrian,1,True,City of Memphis,,,,,,,509.9061317739246,City of Memphis
300912916,2023-09-23,2023-09-23 19:12:00,2023,9,Saturday,19,35.006435,-90.00766,Possible Injury,Pedestrian,Not Intersection-In Crosswalk,Intersection,Dark-Lighted,Angle,Other,1,True,City of Memphis,,,,,,,1608.2367164603086,City of Memphis
300917321,2023-10-15,2023-10-15 22:20:00,2023,10,Sunday,22,35.073807,-89.94823,Possible Injury,Pedestrian,Not Intersection-Unknown,Unknown,Dark-Lighted,Not Collision with Motor Vehicle in Transport,Pedestrian,1,True,TDOT state route,LAMAR AVE,Principal Arterial,40.0,7.0,4,4.0,3.45261473090589,TDOT
300916172,2023-10-09,2023-10-09 18:11:00,2023,10,Monday,18,35.17366,-89.9595,Possible Injury,Pedestrian,Intersection-Not on Roadway,Intersection,Dawn,Not Collision with Motor Vehicle in Transport,Pedestrian,1,True,City of Memphis,,,,,,,1129.0707161937396,City of Memphis
300913153,2023-09-21,2023-09-21 03:30:00,2023,9,Thursday,3,35.1069,-90.02119,Possible Injury,Pedestrian,Not Intersection-Outside Traffic,Non-Junction,Dark-Lighted,Not Collision with Motor Vehicle in Transport,Pedestrian,1,True,City of Memphis,ELVIS PRESLEY BLVD,Minor Arterial,40.0,4.0,3,4.0,1.141694593306949,TDOT
300916628,2023-10-12,2023-10-12 09:36:00,2023,10,Thursday,9,35.26286,-90.035319,Possible Injury,Pedestrian,Not Intersection-On Roadway Not In Crosswalk,Non-Junction,Daylight,Not Collision with Motor Vehicle in Transport,Pedestrian,1,False,Suburban-Shelby,,,,,,,,Suburban-Shelby
300913464,2023-09-26,2023-09-26 08:00:00,2023,9,Tuesday,8,35.182613,-89.848045,Possible Injury,Pedestrian,Intersection-On Roadway not in Crosswalk,Intersection-Related,Daylight,Not Collision with Motor Vehicle in Transport,Pedestrian,1,True,City of Memphis,,,,,,,675.2034507863434,City of Memphis
300917144,2023-10-14,2023-10-14 00:00:00,2023,10,Saturday,99,35.202133,-89.91258,Suspected Minor Injury,Pedestrian,Not Intersection-On Roadway Not In Crosswalk,Non-Junction,Unknown,Not Collision with Motor Vehicle in Transport,Pedestrian,1,True,City of Memphis,,,,,,,430.5304113187069,City of Memphis
300916655,2023-10-11,2023-10-11 19:48:00,2023,10,Wednesday,19,35.054096,-90.019554,Possible Injury,Pedestrian,Intersection-Unknown,AccelDecelLane,Dark-Not Lighted,Not Collision with Motor Vehicle in Transport,Pedestrian,1,True,City of Memphis,,,,,,,497.0747547265964,City of Memphis
300914112,2023-09-28,2023-09-28 18:58:00,2023,9,Thursday,18,35.111546,-90.02173,Suspected Serious Injury,Pedestrian,Intersection-On Roadway not in Crosswalk,Intersection-Related,Dark-Lighted,Not Collision with Motor Vehicle in Transport,Pedestrian,1,True,City of Memphis,S BELLEVUE BLVD,Minor Arterial,35.0,5.0,3,4.0,0.3986047283847808,TDOT
300915960,2023-10-05,2023-10-05 17:56:00,2023,10,Thursday,17,35.162354,-89.947014,Possible Injury,Pedestrian,Intersection-On Roadway Crosswalk availability Unknown,Intersection,Daylight,Not Collision with Motor Vehicle in Transport,Pedestrian,1,True,City of Memphis,,,,,,,561.5056872756452,City of Memphis
300917180,2023-10-14,2023-10-14 17:00:00,2023,10,Saturday,17,35.04917,-89.83001,Suspected Serious Injury,Pedestrian,Not Intersection-On Roadway Not In Crosswalk,AccelDecelLane,Daylight,Not Collision with Motor Vehicle in Transport,Pedestrian,1,True,City of Memphis,,,,,,,536.2340062107872,City of Memphis
300915768,2023-10-07,2023-10-07 14:27:00,2023,10,Saturday,14,35.21268,-89.892105,Possible Injury,Pedestrian,Not Intersection-Outside Traffic,Intersection-Related,Daylight,"Sideswipe, Opposite Direction",Other,1,True,City of Memphis,,,,,,,215.49594956306615,City of Memphis
300916233,2023-10-09,2023-10-09 10:58:00,2023,10,Monday,10,35.094753,-90.0555,Possible Injury,Pedestrian,Not Intersection-On Roadway Not In Crosswalk,Non-Junction,Daylight,Not Collision with Motor Vehicle in Transport,Pedestrian,1,True,TDOT state route,,,,,,,38.77644352298611,City of Memphis
300917710,2023-10-17,2023-10-17 14:40:00,2023,10,Tuesday,14,35.143208,-90.05363,Possible Injury,Pedestrian,Intersection-On Roadway Crosswalk Not Available,Intersection,Daylight,Not Collision with Motor Vehicle in Transport,Pedestrian,1,True,City of Memphis,,,,,,,122.1520751510398,City of Memphis
300912257,2023-09-20,2023-09-20 15:43:00,2023,9,Wednesday,15,35.070583,-89.8641,Suspected Serious Injury,Pedestrian,Not Intersection-On Roadway Not In Crosswalk,AccelDecelLane,Daylight,Not Collision with Motor Vehicle in Transport,Pedestrian,1,True,City of Memphis,,,,,,,529.1470129408633,City of Memphis
300914415,2023-10-01,2023-10-01 13:00:00,2023,10,Sunday,13,35.174286,-89.97595,Possible Injury,Pedestrian,Intersection-In Crosswalk,Intersection,Daylight,Not Collision with Motor Vehicle in Transport,Pedestrian,1,True,City of Memphis,,,,,,,1807.94614135627,City of Memphis
300915073,2023-10-04,2023-10-04 07:57:00,2023,10,Wednesday,7,35.16734,-90.0103,No Injury,Other Non-Motorist,Unknown,AccelDecelLane,Daylight,Angle,Other,1,True,City of Memphis,,,,,,,941.6264164980358,City of Memphis
300915806,2023-10-07,2023-10-07 01:00:00,2023,10,Saturday,1,35.035595,-89.98982,Possible Injury,Pedestrian,Not Intersection-On Roadway Not In Crosswalk,AccelDecelLane,Dark-Lighted,Not Collision with Motor Vehicle in Transport,Pedestrian,1,True,City of Memphis,,,,,,,1609.591903119402,City of Memphis
300916751,2023-10-12,2023-10-12 23:19:00,2023,10,Thursday,23,35.04917,-89.83001,Possible Injury,Pedestrian,Intersection-On Roadway not in Crosswalk,Intersection,Dark-Lighted,Not Collision with Motor Vehicle in Transport,Pedestrian,1,True,City of Memphis,,,,,,,536.2340062107872,City of Memphis
300895152,2023-06-25,2023-06-25 23:02:00,2023,6,Sunday,23,35.19183,-89.97579,Fatal,Pedestrian,Not Intersection-On Roadway Not In Crosswalk,Non-Junction,Dark-Lighted,Not Collision with Motor Vehicle in Transport,Pedestrian,1,True,City of Memphis,,,,,,,3605.960217055703,City of Memphis
300913284,2023-09-25,2023-09-25 19:00:00,2023,9,Monday,19,35.01948,-90.08443,Possible Injury,Pedestrian,Intersection-On Roadway Crosswalk Not Available,Intersection,Daylight,Not Collision with Motor Vehicle in Transport,Pedestrian,1,True,City of Memphis,,,,,,,155.24451740224643,City of Memphis
300913641,2023-09-26,2023-09-26 14:20:00,2023,9,Tuesday,14,35.219944,-90.035965,Possible Injury,Pedestrian,Not Intersection-On Roadway Not In Crosswalk,AccelDecelLane,Daylight,Not Collision with Motor Vehicle in Transport,Pedestrian,1,True,City of Memphis,,,,,,,617.309796262839,City of Memphis
300917481,2023-10-16,2023-10-16 16:32:00,2023,10,Monday,16,35.139336,-89.964294,Suspected Serious Injury,Pedestrian,Intersection-On Roadway Crosswalk Not Available,Non-Junction,Daylight,Not Collision with Motor Vehicle in Transport,Pedestrian,1,True,City of Memphis,,,,,,,344.081158466699,City of Memphis
300915229,2023-10-05,2023-10-05 07:44:00,2023,10,Thursday,7,35.127537,-89.77441,Possible Injury,Pedestrian,Intersection-In Crosswalk,Unknown,Daylight,Not Collision with Motor Vehicle in Transport,Pedestrian,1,True,City of Memphis,,,,,,,2121.440417084735,City of Memphis
300913665,2023-09-27,2023-09-27 19:20:00,2023,9,Wednesday,19,35.035145,-90.02236,Suspected Minor Injury,Pedestrian,Intersection-Not on Roadway,Intersection,Dark-Not Lighted,Not Collision with Motor Vehicle in Transport,Pedestrian,1,True,City of Memphis,,,,,,,256.0115050380837,City of Memphis
300915610,2023-10-06,2023-10-06 16:20:00,2023,10,Friday,16,35.096157,-90.01803,Possible Injury,Pedestrian,Not Intersection-On Roadway Not In Crosswalk,Non-Junction,Daylight,Not Collision with Motor Vehicle in Transport,Pedestrian,1,True,TDOT state route,ELVIS PRESLEY BLVD,Minor Arterial,40.0,5.0,3,6.0,0.1519972548741543,TDOT
300917256,2023-10-15,2023-10-15 15:05:00,2023,10,Sunday,15,35.15432,-89.885544,Possible Injury,Pedestrian,Intersection-On Roadway Crosswalk availability Unknown,Intersection,Daylight,Not Collision with Motor Vehicle in Transport,Pedestrian,1,True,Interstate ramp,,,,,,,117.42647970751968,City of Memphis
300915620,2023-10-06,2023-10-06 18:50:00,2023,10,Friday,18,35.172024,-89.868416,Possible Injury,Pedestrian,Intersection-On Roadway not in Crosswalk,Intersection,Dark-Lighted,Not Collision with Motor Vehicle in Transport,Pedestrian,1,True,TDOT state route,SUMMER AVE,Principal Arterial,45.0,4.0,1,1.0,3.0131622456908924,TDOT
300914486,2023-09-29,2023-09-29 22:20:00,2023,9,Friday,22,35.107105,-89.98499,Possible Injury,Pedestrian,Intersection-On Roadway not in Crosswalk,Intersection-Related,Dark-Not Lighted,Not Collision with Motor Vehicle in Transport,Pedestrian,1,True,TDOT state route,AIRWAYS BLVD,Principal Arterial,35.0,5.0,277,4.0,0.542604434771916,TDOT
300911423,2023-09-15,2023-09-15 11:58:00,2023,9,Friday,11,35.14555,-90.00648,Possible Injury,Pedestrian,Not Intersection-Adjacent to Roadway,Intersection-Related,Daylight,Not Collision with Motor Vehicle in Transport,Pedestrian,1,True,City of Memphis,,,,,,,864.3147646171473,City of Memphis
300915865,2023-10-05,2023-10-05 10:05:00,2023,10,Thursday,10,35.083305,-90.01855,Suspected Minor Injury,Pedestrian,Intersection-On Roadway not in Crosswalk,Non-Junction,Daylight,Not Collision with Motor Vehicle in Transport,Pedestrian,1,True,City of Memphis,ELVIS PRESLEY BLVD,Minor Arterial,40.0,4.0,3,6.0,0.025171471139501,TDOT
300909326,2023-09-06,2023-09-06 05:51:00,2023,9,Wednesday,5,35.22037,-89.909874,Suspected Serious Injury,Pedestrian,Not Intersection-On Roadway Not In Crosswalk,Non-Junction,Dark-Lighted,Not Collision with Motor Vehicle in Transport,Pedestrian,1,True,City of Memphis,AUSTIN PEAY HWY,Principal Arterial,45.0,7.0,14,1.0,8.343270575995717,TDOT
300914231,2023-09-05,2023-09-05 09:00:00,2023,9,Tuesday,9,35.10106,-89.83937,Possible Injury,Pedestrian,Intersection-On Roadway not in Crosswalk,Intersection,Daylight,Not Collision with Motor Vehicle in Transport,Pedestrian,1,True,City of Memphis,,,,,,,303.03445155795674,City of Memphis
300914809,2023-10-02,2023-10-02 10:43:00,2023,10,Monday,10,35.04782,-89.77089,Possible Injury,Pedestrian,Not Intersection-Outside Traffic,Non-Junction,Daylight,Not Collision with Motor Vehicle in Transport,Pedestrian,1,True,City of Memphis,,,,,,,3420.115607728555,City of Memphis
300921685,2023-11-04,2023-11-04 17:00:00,2023,11,Saturday,17,35.202286,-90.00732,Possible Injury,Pedestrian,Intersection-On Roadway not in Crosswalk,Non-Junction,Daylight,Not Collision with Motor Vehicle in Transport,Pedestrian,1,True,City of Memphis,,,,,,,2410.5386064376567,City of Memphis
300923127,2023-11-10,2023-11-10 14:10:00,2023,11,Friday,14,35.225494,-89.88692,No Injury,Pedestrian,Intersection-Not on Roadway,AccelDecelLane,Daylight,Not Collision with Motor Vehicle in Transport,Other,1,True,City of Memphis,,,,,,,582.9842809533618,City of Memphis
300924942,2023-11-20,2023-11-20 13:35:00,2023,11,Monday,13,35.043865,-89.84237,Suspected Minor Injury,Pedestrian,Intersection-Not on Roadway,"Driveway, Alley Access, etc",Daylight,Not Collision with Motor Vehicle in Transport,Pedestrian,1,True,City of Memphis,,,,,,,1682.6752329175915,City of Memphis
300870877,2023-03-03,2023-03-03 19:15:00,2023,3,Friday,19,35.115478,-90.030309,Fatal,Pedestrian,Intersection-On Roadway not in Crosswalk,Intersection,Dark-Lighted,Not Collision with Motor Vehicle in Transport,Pedestrian,1,True,City of Memphis,,,,,,,789.0456608011793,City of Memphis
300920916,2023-11-01,2023-11-01 20:25:00,2023,11,Wednesday,20,35.047623,-90.05627,Possible Injury,Pedestrian,Not Intersection-Adjacent to Roadway,Intersection,Dark-Not Lighted,Not Collision with Motor Vehicle in Transport,Pedestrian,2,True,City of Memphis,,,,,,,559.0102343749284,City of Memphis
300921742,2023-11-05,2023-11-05 15:30:00,2023,11,Sunday,15,35.126884,-89.98523,No Injury,Pedestrian,Unknown,AccelDecelLane,Daylight,Angle,Other,1,True,City of Memphis,,,,,,,90.25781163019728,City of Memphis
300921667,2023-11-05,2023-11-05 01:40:00,2023,11,Sunday,1,35.07425,-89.94877,Suspected Serious Injury,Pedestrian,Intersection-On Roadway not in Crosswalk,Non-Junction,Dark-Lighted,Angle,Other,1,True,TDOT state route,LAMAR AVE,Principal Arterial,40.0,7.0,4,4.0,14.141361448878378,TDOT
300922928,2023-11-10,2023-11-10 17:00:00,2023,11,Friday,17,35.072693,-89.931885,Suspected Serious Injury,Pedestrian,Not Intersection-On Roadway Not In Crosswalk,Non-Junction,Dusk,Not Collision with Motor Vehicle in Transport,Pedestrian,1,True,TDOT state route,GETWELL RD,Principal Arterial,40.0,7.0,176,4.0,0.8191315866339804,TDOT
300923625,2023-11-13,2023-11-13 14:00:00,2023,11,Monday,14,35.04997,-89.80959,Suspected Serious Injury,Pedestrian,Not Intersection-Outside Traffic,OtherLocation,Daylight,Not Collision with Motor Vehicle in Transport,Pedestrian,1,True,TDOT state route,STATE ROUTE 385,Freeway and Expressway,65.0,2.0,NONCONNAH PKWY,2.0,1.3986087896028592,TDOT
300923919,2023-11-13,2023-11-13 23:50:00,2023,11,Monday,23,35.16373,-90.0367,Possible Injury,Pedestrian,Intersection-On Roadway Crosswalk Not Available,Intersection,Dark-Not Lighted,Not Collision with Motor Vehicle in Transport,Pedestrian,1,True,TDOT state route,THOMAS ST,Principal Arterial,35.0,5.0,3,7.0,1.924310776459004,TDOT
300920662,2023-10-30,2023-10-30 18:58:00,2023,10,Monday,18,35.10829,-89.970085,Suspected Serious Injury,Pedestrian,Not Intersection-On Roadway Not In Crosswalk,Non-Junction,Dark-Lighted,Not Collision with Motor Vehicle in Transport,Pedestrian,1,True,City of Memphis,,,,,,,1092.3482935212924,City of Memphis
300918716,2023-10-21,2023-10-21 21:30:00,2023,10,Saturday,21,35.107296,-90.04129,Suspected Serious Injury,Pedestrian,Not Intersection-On Roadway Not In Crosswalk,AccelDecelLane,Dark-Lighted,Not Collision with Motor Vehicle in Transport,Pedestrian,1,True,City of Memphis,,,,,,,1280.7037250052265,City of Memphis
300924495,2023-11-17,2023-11-17 19:44:00,2023,11,Friday,19,35.109135,-89.88837,Possible Injury,Pedestrian,Intersection-In Crosswalk,Intersection,Dark-Lighted,Not Collision with Motor Vehicle in Transport,Pedestrian,1,True,City of Memphis,POPLAR AVE,Principal Arterial,40.0,7.0,57,5.0,4.354441791235123,TDOT
300921775,2023-11-05,2023-11-05 19:25:00,2023,11,Sunday,19,35.182,-89.8638,Possible Injury,Pedestrian,Not Intersection-Adjacent to Roadway,Intersection-Related,Dark-Lighted,Not Collision with Motor Vehicle in Transport,Pedestrian,1,True,City of Memphis,,,,,,,383.4797261930772,City of Memphis
300923942,2023-11-16,2023-11-16 00:12:00,2023,11,Thursday,0,35.17838,-89.93549,Possible Injury,Pedestrian,Not Intersection-Adjacent to Roadway,Non-Junction,Dark-Lighted,Not Collision with Motor Vehicle in Transport,Pedestrian,1,True,City of Memphis,,,,,,,108.90127510440584,City of Memphis
300875694,2023-03-25,2023-03-25 23:19:00,2023,3,Saturday,23,35.06969,-89.87566,Suspected Serious Injury,Pedestrian,Not Intersection-On Roadway Not In Crosswalk,Intersection,Dark-Lighted,Not Collision with Motor Vehicle in Transport,Pedestrian,1,True,City of Memphis,,,,,,,1050.318144439627,City of Memphis
300914363,2023-10-01,2023-10-01 02:33:00,2023,10,Sunday,2,35.060703,-89.83386,Fatal,Pedestrian,Not Intersection-On Roadway Not In Crosswalk,Non-Junction,Dark-Not Lighted,Not Collision with Motor Vehicle in Transport,Pedestrian,1,True,City of Memphis,,,,,,,208.38472000135084,City of Memphis
300922966,2023-11-09,2023-11-09 15:25:00,2023,11,Thursday,15,35.018738,-90.02509,Possible Injury,Pedestrian,Intersection-In Crosswalk,OtherLocation,Other,Not Collision with Motor Vehicle in Transport,Pedestrian,1,True,TDOT state route,ELVIS PRESLEY BLVD,Principal Arterial,40.0,5.0,3,3.0,11.751532176966876,TDOT
300922682,2023-11-08,2023-11-08 20:35:00,2023,11,Wednesday,20,35.244186,-89.94719,Fatal,Pedestrian,Not Intersection-Adjacent to Roadway,Non-Junction,Dark-Lighted,Not Collision with Motor Vehicle in Transport,Pedestrian,1,True,City of Memphis,,,,,,,4294.067791359,City of Memphis
300921575,2023-11-04,2023-11-04 18:30:00,2023,11,Saturday,18,35.177612,-89.95804,Possible Injury,Pedestrian,Not Intersection-In Crosswalk,Intersection,Daylight,Not Collision with Motor Vehicle in Transport,Pedestrian,1,True,City of Memphis,,,,,,,1351.700163697603,City of Memphis
300922705,2023-11-09,2023-11-09 17:14:00,2023,11,Thursday,17,35.149544,-90.04439,Suspected Minor Injury,Pedestrian,Intersection-In Crosswalk,Intersection,Dark-Lighted,Not Collision with Motor Vehicle in Transport,Pedestrian,1,True,City of Memphis,,,,,,,119.7233311976663,City of Memphis
300922709,2023-11-09,2023-11-09 18:20:00,2023,11,Thursday,18,35.136204,-90.016266,Suspected Minor Injury,Pedestrian,Intersection-On Roadway not in Crosswalk,Intersection,Dark-Lighted,Not Collision with Motor Vehicle in Transport,Pedestrian,1,True,City of Memphis,,,,,,,70.51544182555966,City of Memphis
300920103,2023-10-27,2023-10-27 22:00:00,2023,10,Friday,22,35.018356,-90.06777,Suspected Serious Injury,Pedestrian,Not Intersection-On Roadway Crosswalk not Available,"Driveway, Alley Access, etc",Dark-Lighted,Not Collision with Motor Vehicle in Transport,Pedestrian,1,True,City of Memphis,,,,,,,287.1935151816499,City of Memphis
300924559,2023-11-18,2023-11-18 19:50:00,2023,11,Saturday,19,35.035503,-90.090324,Possible Injury,Pedestrian,Intersection-On Roadway Crosswalk availability Unknown,Intersection,Dawn,Not Collision with Motor Vehicle in Transport,Pedestrian,1,True,City of Memphis,,,,,,,1209.3255479372792,City of Memphis
300922763,2023-11-08,2023-11-08 08:15:00,2023,11,Wednesday,8,35.143147,-90.04417,Possible Injury,Pedestrian,Intersection-On Roadway not in Crosswalk,"Driveway, Alley Access, etc",Daylight,Not Collision with Motor Vehicle in Transport,Pedestrian,1,True,City of Memphis,S DANNY THOMAS BLVD,Principal Arterial,35.0,2.0,1,6.0,2.6948324263141448,TDOT
300920765,2023-10-31,2023-10-31 19:53:00,2023,10,Tuesday,19,35.167572,-89.733949,Suspected Minor Injury,Pedestrian,Intersection-On Roadway not in Crosswalk,Non-Junction,Dark-Not Lighted,Not Collision with Motor Vehicle in Transport,Pedestrian,1,False,Suburban-Shelby,,,,,,,,Suburban-Shelby
300924350,2023-11-17,2023-11-17 19:00:00,2023,11,Friday,19,35.083065,-89.93171,Possible Injury,Pedestrian,Intersection-Not on Roadway,Intersection-Related,Dark-Lighted,Not Collision with Motor Vehicle in Transport,Pedestrian,1,True,City of Memphis,,,,,,,288.9813946539055,City of Memphis
300922788,2023-11-09,2023-11-09 00:14:00,2023,11,Thursday,0,35.06032,-90.06083,Possible Injury,Pedestrian,Not Intersection-On Roadway Not In Crosswalk,Intersection,Dark-Lighted,Not Collision with Motor Vehicle in Transport,Pedestrian,1,True,City of Memphis,,,,,,,121.84819025951022,City of Memphis
300920164,2023-10-27,2023-10-27 20:47:00,2023,10,Friday,20,35.073643,-89.90422,Possible Injury,Pedestrian,Not Intersection-On Roadway Not In Crosswalk,Non-Junction,Dark-Lighted,Not Collision with Motor Vehicle in Transport,Pedestrian,1,True,City of Memphis,,,,,,,2506.953665554177,City of Memphis
300918339,2023-10-18,2023-10-18 15:52:00,2023,10,Wednesday,15,35.13079,-90.02165,Possible Injury,Pedestrian,Intersection-On Roadway not in Crosswalk,Intersection,Daylight,Not Collision with Motor Vehicle in Transport,Pedestrian,1,True,TDOT state route,,,,,,,65.69058224710349,City of Memphis
300924868,2023-11-20,2023-11-20 12:30:00,2023,11,Monday,12,35.084736,-89.98446,Possible Injury,Pedestrian,Not Intersection-On Roadway Not In Crosswalk,Non-Junction,Daylight,Not Collision with Motor Vehicle in Transport,Pedestrian,1,True,City of Memphis,,,,,,,1732.1657577649394,City of Memphis
300922220,2023-11-07,2023-11-07 15:48:00,2023,11,Tuesday,15,35.21583,-89.92238,Possible Injury,Pedestrian,Intersection-On Roadway Crosswalk Not Available,Intersection,Daylight,Not Collision with Motor Vehicle in Transport,Pedestrian,1,True,City of Memphis,,,,,,,555.990006601053,City of Memphis
300926157,2023-11-25,2023-11-25 17:15:00,2023,11,Saturday,17,35.20549,-89.791934,Suspected Minor Injury,Pedestrian,Not Intersection-On Roadway Not In Crosswalk,Intersection-Related,Dark-Not Lighted,Not Collision with Motor Vehicle in Transport,Pedestrian,2,False,Suburban-Shelby,,,,,,,,Suburban-Shelby
300927745,2023-12-04,2023-12-04 15:43:00,2023,12,Monday,15,35.09624,-89.85845,Possible Injury,Pedestrian,Not Intersection-On Roadway Not In Crosswalk,Non-Junction,Daylight,Not Collision with Motor Vehicle in Transport,Pedestrian,1,True,City of Memphis,,,,,,,596.0702313083611,City of Memphis
300929339,2023-12-11,2023-12-11 07:40:00,2023,12,Monday,7,35.210182,-90.02313,Possible Injury,Pedestrian,Not Intersection-On Roadway Not In Crosswalk,Non-Junction,Dusk,Not Collision with Motor Vehicle in Transport,Pedestrian,1,True,City of Memphis,,,,,,,847.7697455204042,City of Memphis
300927753,2023-12-03,2023-12-03 20:50:00,2023,12,Sunday,20,35.10837,-90.02629,No Injury,Pedestrian,Not Intersection-Outside Traffic,Intersection-Related,Dark-Not Lighted,Angle,Other,1,True,City of Memphis,,,,,,,432.2892843387012,City of Memphis
300927756,2023-12-04,2023-12-04 17:30:00,2023,12,Monday,17,35.02604,-90.00751,Possible Injury,Pedestrian,Intersection-On Roadway not in Crosswalk,Non-Junction,Dusk,Not Collision with Motor Vehicle in Transport,Pedestrian,1,True,City of Memphis,,,,,,,551.6889749719535,City of Memphis
300926936,2023-11-30,2023-11-30 08:10:00,2023,11,Thursday,8,35.035538,-90.023155,Possible Injury,Pedestrian,Intersection-On Roadway not in Crosswalk,Non-Junction,Daylight,Not Collision with Motor Vehicle in Transport,Pedestrian,1,True,City of Memphis,,,,,,,183.26490622025744,City of Memphis
300926168,2023-11-27,2023-11-27 08:53:00,2023,11,Monday,8,35.141293,-90.01636,Possible Injury,Pedestrian,Intersection-In Crosswalk,Intersection,Daylight,Not Collision with Motor Vehicle in Transport,Pedestrian,1,True,City of Memphis,,,,,,,488.725512612909,City of Memphis
300926462,2023-11-28,2023-11-28 17:05:00,2023,11,Tuesday,17,35.020824,-90.04911,Possible Injury,Pedestrian,Intersection-On Roadway Crosswalk Not Available,Intersection-Related,Dark-Not Lighted,Not Collision with Motor Vehicle in Transport,Pedestrian,1,True,TDOT state route,E SHELBY DR,Minor Arterial,45.0,5.0,175,6.0,4.00799848927666,TDOT
300911569,2023-09-14,2023-09-14 08:00:00,2023,9,Thursday,8,35.16373,-90.0367,Fatal,Pedestrian,Not Intersection-Outside Traffic,Intersection,Daylight,Not Collision with Motor Vehicle in Transport,Other,1,True,TDOT state route,THOMAS ST,Principal Arterial,35.0,5.0,3,7.0,1.924310776459004,TDOT
300928921,2023-12-10,2023-12-10 09:30:00,2023,12,Sunday,9,35.145313,-90.03447,Possible Injury,Pedestrian,Intersection-Unknown,Intersection,Daylight,Not Collision with Motor Vehicle in Transport,Pedestrian,1,True,City of Memphis,,,,,,,732.22829977973,City of Memphis