MstrRecNbrTxt,CollisionDate,CollisionDteTime,YearNmb,Month,DayOfWeek,Hour,Latitude,Longitude,InjuryClass,PersonType,NonMotoristLocation,RelationToJunction,LightCondition,MannerOfCollision,FirstHarmfulEvent,VictimsInCrash,InMemphis,Jurisdiction,StateRoute_NAME,StateRoute_F_System,StateRoute_SPDLIMIT,StateRoute_LANES,StateRoute_ALTNAME_1,StateRoute_Council_District,DistToStateRoute_m,Jurisdiction_prev
300925848,2023-11-25,2023-11-25 01:56:00,2023,11,Saturday,1,35.13684,-90.01668,Suspected Minor Injury,Pedestrian,Intersection-Unknown,Non-Junction,Dark-Not Lighted,Not Collision with Motor Vehicle in Transport,Pedestrian,1,True,TDOT state route,UNION AVE,Principal Arterial,35.0,6.0,23,6.0,5.167134976568865,TDOT
300927352,2023-12-02,2023-12-02 18:00:00,2023,12,Saturday,18,35.091293,-90.076,Suspected Serious Injury,Pedestrian,Not Intersection-On Roadway Crosswalk not Available,"Driveway, Alley Access, etc",Dark-Lighted,Not Collision with Motor Vehicle in Transport,Pedestrian,1,True,City of Memphis,,,,,,,1791.5246417648054,City of Memphis
300926758,2023-11-27,2023-11-27 19:35:00,2023,11,Monday,19,35.276483,-89.647077,Suspected Serious Injury,Pedestrian,Intersection-On Roadway not in Crosswalk,Non-Junction,Dark-Not Lighted,Not Collision with Motor Vehicle in Transport,Pedestrian,1,False,Suburban-Shelby,,,,,,,,Suburban-Shelby
300925131,2023-11-20,2023-11-20 18:23:00,2023,11,Monday,18,35.184135,-89.92008,Suspected Serious Injury,Pedestrian,Not Intersection-On Roadway Not In Crosswalk,Non-Junction,Dark-Lighted,Not Collision with Motor Vehicle in Transport,Pedestrian,1,True,City of Memphis,,,,,,,901.9042639485684,City of Memphis
300922063,2023-11-06,2023-11-06 09:45:00,2023,11,Monday,9,35.046616,-90.01205,No Injury,Pedestrian,Intersection-Not on Roadway,Non-Junction,Daylight,Not Collision with Motor Vehicle in Transport,Other,1,True,City of Memphis,,,,,,,1191.59655419426,City of Memphis
300905908,2023-08-19,2023-08-19 01:18:00,2023,8,Saturday,1,35.07087,-89.90529,Fatal,Pedestrian,Not Intersection-On Roadway Crosswalk Availability Unknown,Intersection-Related,Dark-Lighted,Not Collision with Motor Vehicle in Transport,Pedestrian,1,True,City of Memphis,,,,,,,2433.368811448551,City of Memphis
300923354,2023-11-11,2023-11-11 17:10:00,2023,11,Saturday,17,35.156519,-89.727277,Possible Injury,Pedestrian,Not Intersection-On Roadway Not In Crosswalk,Non-Junction,Dark-Unknown Lighting,Not Collision with Motor Vehicle in Transport,Pedestrian,1,False,Suburban-Shelby,,,,,,,,Suburban-Shelby
300927444,2023-12-01,2023-12-01 00:00:00,2023,12,Friday,99,35.13684,-90.01668,Possible Injury,Pedestrian,Intersection-In Crosswalk,Intersection,Unknown,Not Collision with Motor Vehicle in Transport,Pedestrian,1,True,TDOT state route,UNION AVE,Principal Arterial,35.0,6.0,23,6.0,5.167134976568865,TDOT
300925897,2023-11-24,2023-11-24 21:00:00,2023,11,Friday,21,35.128716,-90.02108,Suspected Minor Injury,Pedestrian,Intersection-In Crosswalk,Intersection,Dark-Lighted,Not Collision with Motor Vehicle in Transport,Pedestrian,1,True,TDOT state route,S BELLEVUE BLVD,Minor Arterial,35.0,4.0,3,6.0,0.1613578382113724,TDOT
300945569,2024-03-06,2024-03-06 19:00:00,2024,3,Wednesday,19,35.13337,-89.96339,Possible Injury,Pedestrian,Not Intersection-On Roadway Not In Crosswalk,Non-Junction,Dark-Lighted,Not Collision with Motor Vehicle in Transport,Pedestrian,1,True,TDOT state route,POPLAR AVE,Principal Arterial,40.0,7.0,57,5.0,4.716625327566114,TDOT
300944713,2024-03-06,2024-03-06 14:44:00,2024,3,Wednesday,14,35.03486,-89.86643,Possible Injury,Pedestrian,Not Intersection-On Roadway Not In Crosswalk,Non-Junction,Daylight,Not Collision with Motor Vehicle in Transport,Pedestrian,1,True,City of Memphis,,,,,,,1604.4206166412694,City of Memphis
300946427,2024-03-16,2024-03-16 18:05:00,2024,3,Saturday,18,35.131176,-89.94599,Possible Injury,Pedestrian,Intersection-Not on Roadway,Non-Junction,Dawn,Not Collision with Motor Vehicle in Transport,Pedestrian,1,True,City of Memphis,,,,,,,95.7360951912625,City of Memphis
300943138,2024-02-26,2024-02-26 03:00:00,2024,2,Monday,3,35.14826,-90.043564,Suspected Serious Injury,Pedestrian,Intersection-In Crosswalk,Non-Junction,Unknown,Not Collision with Motor Vehicle in Transport,Pedestrian,1,True,City of Memphis,N DANNY THOMAS BLVD,Principal Arterial,35.0,7.0,1,7.0,1.394637586416222,TDOT
300943609,2024-02-28,2024-02-28 11:58:00,2024,2,Wednesday,11,35.146214,-90.04428,Possible Injury,Pedestrian,Intersection-On Roadway not in Crosswalk,Intersection-Related,Daylight,Not Collision with Motor Vehicle in Transport,Pedestrian,1,True,City of Memphis,N DANNY THOMAS BLVD,Principal Arterial,35.0,7.0,1,7.0,0.0999569035118134,TDOT
300944086,2024-03-02,2024-03-02 16:05:00,2024,3,Saturday,16,35.13793,-90.031555,Suspected Minor Injury,Pedestrian,Not Intersection-On Roadway Not In Crosswalk,Non-Junction,Daylight,Not Collision with Motor Vehicle in Transport,Pedestrian,1,True,TDOT state route,,,,,,,49.20245343686932,City of Memphis
300944271,2024-03-03,2024-03-03 03:00:00,2024,3,Sunday,3,35.140358,-90.05173,Suspected Serious Injury,Pedestrian,Intersection-Unknown,Non-Junction,Dark-Lighted,Not Collision with Motor Vehicle in Transport,Pedestrian,1,True,City of Memphis,S THIRD ST,Minor Arterial,35.0,3.0,14,6.0,0.3220582526787811,TDOT
300942946,2024-02-19,2024-02-19 18:26:00,2024,2,Monday,18,35.1347,-89.98194,Suspected Serious Injury,Pedestrian,Intersection-On Roadway not in Crosswalk,Intersection-Related,Daylight,Not Collision with Motor Vehicle in Transport,Pedestrian,1,True,City of Memphis,,,,,,,132.69016219471322,City of Memphis
300922820,2023-11-09,2023-11-09 17:14:00,2023,11,Thursday,17,35.10725,-89.9874,Suspected Serious Injury,Pedestrian,Not Intersection-On Roadway Not In Crosswalk,AccelDecelLane,Dark-Lighted,Not Collision with Motor Vehicle in Transport,Pedestrian,1,True,TDOT state route,LAMAR AVE,Principal Arterial,40.0,5.0,4,4.0,4.844639429684199,TDOT
300946022,2024-03-14,2024-03-14 06:30:00,2024,3,Thursday,6,35.13608,-90.0245,Suspected Serious Injury,Pedestrian,Not Intersection-On Roadway Crosswalk Availability Unknown,AccelDecelLane,Dawn,Not Collision with Motor Vehicle in Transport,Pedestrian,1,True,City of Memphis,,,,,,,174.69288330203923,City of Memphis
300942758,2024-02-24,2024-02-24 08:29:00,2024,2,Saturday,8,35.065323,-90.072075,Possible Injury,Pedestrian,Intersection-Unknown,Intersection,Daylight,Not Collision with Motor Vehicle in Transport,Pedestrian,1,True,City of Memphis,,,,,,,1190.320105631597,City of Memphis
300946093,2024-03-14,2024-03-14 13:30:00,2024,3,Thursday,13,35.05282,-90.00772,Suspected Serious Injury,Pedestrian,Not Intersection-Other Not On Roadway,Non-Junction,Daylight,Not Collision with Motor Vehicle in Transport,Pedestrian,1,True,City of Memphis,,,,,,,1580.0668840325095,City of Memphis
300943004,2024-02-25,2024-02-25 21:08:00,2024,2,Sunday,21,35.153065,-89.883156,Possible Injury,Pedestrian,Not Intersection-On Roadway Not In Crosswalk,Non-Junction,Dark-Lighted,Angle,Other,2,True,City of Memphis,,,,,,,372.22162486753086,City of Memphis
300946316,2024-03-16,2024-03-16 00:30:00,2024,3,Saturday,0,35.17286,-90.036,Suspected Serious Injury,Pedestrian,Not Intersection-On Roadway Not In Crosswalk,Intersection-Related,Dark-Not Lighted,Not Collision with Motor Vehicle in Transport,Pedestrian,1,True,City of Memphis,THOMAS ST,Minor Arterial,35.0,4.0,3,7.0,0.1079038746287813,TDOT
300943009,2024-02-25,2024-02-25 18:51:00,2024,2,Sunday,18,35.066006,-89.912094,Possible Injury,Pedestrian,Not Intersection-Other Not On Roadway,"Driveway, Alley Access, etc",Dark-Lighted,Not Collision with Motor Vehicle in Transport,Pedestrian,1,True,City of Memphis,,,,,,,1801.8772442394704,City of Memphis
300902280,2023-08-01,2023-08-01 00:00:00,2023,8,Tuesday,0,35.021023,-90.00268,Fatal,Pedestrian,Not Intersection-On Roadway Crosswalk not Available,Non-Junction,Dark-Lighted,Angle,Other,1,True,TDOT state route,E SHELBY DR,,40.0,7.0,175,3.0,4.94990160948917,TDOT
300942814,2024-02-23,2024-02-23 14:40:00,2024,2,Friday,14,35.204502,-89.79206,Suspected Minor Injury,Pedestrian,Not Intersection-On Roadway Not In Crosswalk,Intersection,Daylight,Not Collision with Motor Vehicle in Transport,Pedestrian,1,True,TDOT state route,N GERMANTOWN PKWY,Principal Arterial,45.0,7.0,177,1.0,0.0834361809957411,TDOT
300944160,2024-03-01,2024-03-01 21:48:00,2024,3,Friday,21,35.204027,-89.878402,No Injury,Pedestrian,Not Intersection-Outside Traffic,Non-Junction,Dark-Lighted,Not Collision with Motor Vehicle in Transport,Other,1,False,Suburban-Shelby,,,,,,,,Suburban-Shelby
300942827,2024-02-24,2024-02-24 17:35:00,2024,2,Saturday,17,35.090954,-89.9167,Possible Injury,Pedestrian,Not Intersection-On Roadway Not In Crosswalk,Non-Junction,Daylight,Not Collision with Motor Vehicle in Transport,Pedestrian,1,True,City of Memphis,,,,,,,1767.3599265627868,City of Memphis
300944418,2024-03-04,2024-03-04 18:58:00,2024,3,Monday,18,35.07585,-89.93103,Possible Injury,Pedestrian,Not Intersection-On Roadway Not In Crosswalk,AccelDecelLane,Dark-Lighted,Not Collision with Motor Vehicle in Transport,Pedestrian,1,True,TDOT state route,,,,,,,49.91964123275287,City of Memphis
300943527,2024-02-28,2024-02-28 15:39:00,2024,2,Wednesday,15,35.19523,-89.83642,Possible Injury,Pedestrian,Not Intersection-On Roadway Not In Crosswalk,Non-Junction,Daylight,Not Collision with Motor Vehicle in Transport,Pedestrian,1,True,City of Memphis,,,,,,,1047.6951110562966,City of Memphis
300945667,2024-03-11,2024-03-11 21:45:00,2024,3,Monday,21,35.061985,-89.8891,Suspected Minor Injury,Pedestrian,Not Intersection-Other Not On Roadway,Intersection-Related,Dark-Lighted,Unknown,Other,1,True,City of Memphis,,,,,,,2408.058818383831,City of Memphis
300944655,2024-03-06,2024-03-06 05:45:00,2024,3,Wednesday,5,35.072372,-89.863434,Possible Injury,Pedestrian,Intersection-On Roadway not in Crosswalk,AccelDecelLane,Dark-Not Lighted,Not Collision with Motor Vehicle in Transport,Pedestrian,1,True,City of Memphis,,,,,,,332.0053824944714,City of Memphis
300907355,2023-08-26,2023-08-26 20:48:00,2023,8,Saturday,20,35.046978,-89.954636,Fatal,Pedestrian,Not Intersection-On Roadway Crosswalk not Available,Intersection,Dark-Lighted,Not Collision with Motor Vehicle in Transport,Pedestrian,1,True,City of Memphis,,,,,,,1734.8403085107884,City of Memphis
300945491,2024-03-11,2024-03-11 10:55:00,2024,3,Monday,10,35.128063,-90.03553,Possible Injury,Pedestrian,Not Intersection-On Roadway Not In Crosswalk,Intersection,Daylight,Not Collision with Motor Vehicle in Transport,Pedestrian,1,True,City of Memphis,,,,,,,35.15636519451827,City of Memphis
300945127,2024-03-08,2024-03-08 08:00:00,2024,3,Friday,8,35.143852,-90.03178,Suspected Serious Injury,Pedestrian,Not Intersection-Adjacent to Roadway,"Driveway, Alley Access, etc",Daylight,Not Collision with Motor Vehicle in Transport,Pedestrian,1,True,City of Memphis,,,,,,,599.1727206937802,City of Memphis
300946567,2024-03-17,2024-03-17 11:30:00,2024,3,Sunday,11,35.035637,-90.098495,Possible Injury,Pedestrian,Not Intersection-In Crosswalk,Intersection,Daylight,Not Collision with Motor Vehicle in Transport,Pedestrian,1,True,City of Memphis,,,,,,,1793.9492922721613,City of Memphis
300902266,2023-08-01,2023-08-01 21:39:00,2023,8,Tuesday,21,35.148746,-89.91827,Fatal,Pedestrian,Not Intersection-On Roadway Crosswalk not Available,Non-Junction,Dark-Lighted,Not Collision with Motor Vehicle in Transport,Pedestrian,1,True,TDOT state route,SUMMER AVE,Principal Arterial,40.0,7.0,1,5.0,25.02905419108001,TDOT
300943341,2024-02-27,2024-02-27 18:40:00,2024,2,Tuesday,18,35.035255,-90.02121,Suspected Serious Injury,Pedestrian,Not Intersection-On Roadway Not In Crosswalk,AccelDecelLane,Dusk,Not Collision with Motor Vehicle in Transport,Pedestrian,1,True,City of Memphis,,,,,,,360.8950575981816,City of Memphis
300944004,2024-03-02,2024-03-02 13:28:00,2024,3,Saturday,13,35.024364,-89.950165,Possible Injury,Pedestrian,Not Intersection-On Roadway Not In Crosswalk,AccelDecelLane,Daylight,Not Collision with Motor Vehicle in Transport,Pedestrian,1,True,City of Memphis,,,,,,,398.9423135647328,City of Memphis
300942671,2024-02-23,2024-02-23 19:50:00,2024,2,Friday,19,35.14073,-90.05319,Possible Injury,Pedestrian,Intersection-In Crosswalk,Intersection-Related,Dark-Lighted,Not Collision with Motor Vehicle in Transport,Pedestrian,1,True,TDOT state route,S SECOND ST,Minor Arterial,35.0,3.0,14,6.0,1.877387736419108,TDOT
300889787,2023-05-28,2023-05-28 22:49:00,2023,5,Sunday,22,34.995293,-89.87912,Fatal,Pedestrian,Not Intersection-Adjacent to Roadway,Non-Junction,Dark-Not Lighted,Angle,Other,1,True,TDOT state route,LAMAR AVE,Principal Arterial,55.0,2.0,4,3.0,7.601254283615757,TDOT
300949538,2024-04-02,2024-04-02 06:25:00,2024,4,Tuesday,6,35.09345,-89.94938,Suspected Serious Injury,Pedestrian,Not Intersection-On Roadway Not In Crosswalk,Non-Junction,Dark-Lighted,Not Collision with Motor Vehicle in Transport,Pedestrian,1,True,City of Memphis,,,,,,,1424.5591819446288,City of Memphis
300949005,2024-03-30,2024-03-30 21:13:00,2024,3,Saturday,21,35.197906,-89.905525,Fatal,Pedestrian,Not Intersection-On Roadway Not In Crosswalk,Non-Junction,Dark-Not Lighted,Not Collision with Motor Vehicle in Transport,Pedestrian,1,True,City of Memphis,,,,,,,927.80085350539,City of Memphis
300950729,2024-04-06,2024-04-06 01:00:00,2024,4,Saturday,1,35.170456,-90.01853,Suspected Serious Injury,Pedestrian,Intersection-On Roadway not in Crosswalk,AccelDecelLane,Dark-Lighted,Not Collision with Motor Vehicle in Transport,Pedestrian,1,True,City of Memphis,,,,,,,1314.5835570188535,City of Memphis
300949183,2024-03-31,2024-03-31 15:50:00,2024,3,Sunday,15,35.047066,-90.0831,Possible Injury,Pedestrian,Not Intersection-On Roadway Not In Crosswalk,Intersection,Daylight,Not Collision with Motor Vehicle in Transport,Pedestrian,1,True,City of Memphis,,,,,,,1515.745915311768,City of Memphis
300927411,2023-12-02,2023-12-02 18:00:00,2023,12,Saturday,18,35.21997,-89.97506,Suspected Serious Injury,Pedestrian,Not Intersection-On Roadway Not In Crosswalk,Non-Junction,Dark-Lighted,Not Collision with Motor Vehicle in Transport,Pedestrian,1,True,City of Memphis,,,,,,,3940.917650490673,City of Memphis
300948828,2024-03-29,2024-03-29 16:20:00,2024,3,Friday,16,35.21044,-90.02334,No Injury,Pedestrian,Not Intersection-Adjacent to Roadway,Non-Junction,Daylight,Not Collision with Motor Vehicle in Transport,Pedestrian,1,True,City of Memphis,,,,,,,824.3737243837344,City of Memphis
300952277,2024-04-16,2024-04-16 18:07:00,2024,4,Tuesday,18,35.030243,-90.09917,No Injury,Pedestrian,Intersection-Not on Roadway,Non-Junction,Daylight,Not Collision with Motor Vehicle in Transport,Other,1,True,City of Memphis,,,,,,,1461.6047759957728,City of Memphis
300951092,2024-04-01,2024-04-01 15:00:00,2024,4,Monday,15,35.12923,-90.02928,Possible Injury,Pedestrian,Intersection-Unknown,Non-Junction,Daylight,Not Collision with Motor Vehicle in Transport,Pedestrian,1,True,City of Memphis,,,,,,,288.2002214868341,City of Memphis
300912842,2023-09-23,2023-09-23 20:33:00,2023,9,Saturday,20,35.04891,-89.82338,Fatal,Pedestrian,Not Intersection-On Roadway Not In Crosswalk,Non-Junction,Dark-Lighted,Not Collision with Motor Vehicle in Transport,Pedestrian,1,True,City of Memphis,,,,,,,389.23281482484566,City of Memphis
300948345,2024-03-21,2024-03-21 15:00:00,2024,3,Thursday,15,35.338417,-89.895454,Possible Injury,Pedestrian,Not Intersection-Unknown,OtherLocation,Daylight,Not Collision with Motor Vehicle in Transport,Pedestrian,1,False,Suburban-Shelby,,,,,,,,Suburban-Shelby
300948095,2024-03-13,2024-03-13 07:55:00,2024,3,Wednesday,7,35.212,-89.77687,Possible Injury,Pedestrian,Intersection-In Crosswalk,Intersection,Daylight,Not Collision with Motor Vehicle in Transport,Pedestrian,1,False,Suburban-Shelby,,,,,,,,Suburban-Shelby
300952100,2024-04-09,2024-04-09 22:20:00,2024,4,Tuesday,22,35.03555,-89.99004,Possible Injury,Pedestrian,Not Intersection-On Roadway Not In Crosswalk,Non-Junction,Dark-Lighted,Not Collision with Motor Vehicle in Transport,Pedestrian,1,True,City of Memphis,,,,,,,1604.7273773404108,City of Memphis
300861062,2023-01-15,2023-01-15 17:40:00,2023,1,Sunday,17,35.042774,-90.08509,Fatal,Pedestrian,Not Intersection-On Roadway Not In Crosswalk,Non-Junction,Dark-Not Lighted,Not Collision with Motor Vehicle in Transport,Pedestrian,1,True,City of Memphis,,,,,,,1353.3349409694429,City of Memphis
300951627,2024-04-12,2024-04-12 13:50:00,2024,4,Friday,13,35.08155,-89.92097,No Injury,Pedestrian,Unknown,OtherLocation,Daylight,Not Collision with Motor Vehicle in Transport,Other,2,True,City of Memphis,,,,,,,949.8641369470814,City of Memphis
300949478,2024-04-01,2024-04-01 00:00:00,2024,4,Monday,99,35.01037,-90.03232,No Injury,Other Non-Motorist,Unknown,Non-Junction,Unknown,Unknown,Other,1,True,City of Memphis,,,,,,,644.7042004682313,City of Memphis
300950194,2024-03-15,2024-03-15 06:46:00,2024,3,Friday,6,35.152725,-90.04702,Possible Injury,Pedestrian,Intersection-On Roadway not in Crosswalk,Intersection,Dark-Not Lighted,Not Collision with Motor Vehicle in Transport,Pedestrian,1,True,TDOT state route,N THIRD ST,Minor Arterial,35.0,3.0,3,7.0,1.5373706192851135,TDOT
300947519,2024-03-22,2024-03-22 15:16:00,2024,3,Friday,15,35.11567,-90.03179,Possible Injury,Pedestrian,Not Intersection-In Crosswalk,AccelDecelLane,Daylight,Not Collision with Motor Vehicle in Transport,Pedestrian,1,True,City of Memphis,,,,,,,924.7135801969016,City of Memphis
300903288,2023-06-03,2023-06-03 21:06:00,2023,6,Saturday,21,35.299134,-89.804265,Fatal,Pedestrian,Not Intersection-On Roadway Not In Crosswalk,Non-Junction,Dark-Not Lighted,Angle,Other,2,False,Suburban-Shelby,,,,,,,,Suburban-Shelby
300950399,2024-04-06,2024-04-06 00:00:00,2024,4,Saturday,99,35.149372,-90.01437,Possible Injury,Pedestrian,Intersection-Unknown,Unknown,Unknown,Not Collision with Motor Vehicle in Transport,Pedestrian,1,True,City of Memphis,,,,,,,414.6024225345581,City of Memphis
300950936,2024-04-08,2024-04-08 17:30:00,2024,4,Monday,17,35.14286,-90.044716,Possible Injury,Pedestrian,Not Intersection-In Parking Lane,Non-Junction,Dawn,Not Collision with Motor Vehicle in Transport,Pedestrian,1,True,Interstate ramp,S DANNY THOMAS BLVD,Principal Arterial,35.0,2.0,1,6.0,17.24556980665623,TDOT
300950023,2024-04-01,2024-04-01 16:15:00,2024,4,Monday,16,35.150452,-90.049215,Possible Injury,Pedestrian,Not Intersection-On Roadway Not In Crosswalk,Non-Junction,Daylight,Not Collision with Motor Vehicle in Transport,Pedestrian,1,True,TDOT state route,N SECOND ST,Minor Arterial,35.0,3.0,3,7.0,10.612424796523298,TDOT
300920224,2023-10-29,2023-10-29 05:08:00,2023,10,Sunday,5,35.107483,-90.05545,Fatal,Pedestrian,Intersection-In Crosswalk,Non-Junction,Dark-Lighted,Not Collision with Motor Vehicle in Transport,Pedestrian,1,True,TDOT state route,S THIRD ST,Principal Arterial,40.0,4.0,14,6.0,10.33659442965494,TDOT
300949759,2024-04-03,2024-04-03 10:30:00,2024,4,Wednesday,10,35.09741,-90.01392,Possible Injury,Pedestrian,Intersection-On Roadway Crosswalk Not Available,Intersection,Daylight,Not Collision with Motor Vehicle in Transport,Pedestrian,1,True,City of Memphis,,,,,,,370.9748909728633,City of Memphis
300947315,2024-03-08,2024-03-08 04:00:00,2024,3,Friday,4,35.054024,-90.02735,Possible Injury,Pedestrian,Intersection-On Roadway Crosswalk availability Unknown,Intersection,Dark-Lighted,Not Collision with Motor Vehicle in Transport,Pedestrian,1,True,City of Memphis,,,,,,,213.3254026862028,City of Memphis
300894643,2023-06-23,2023-06-23 03:54:00,2023,6,Friday,3,35.063107,-90.059204,Fatal,Pedestrian,Not Intersection-On Roadway Not In Crosswalk,Non-Junction,Dark-Lighted,Not Collision with Motor Vehicle in Transport,Pedestrian,1,True,City of Memphis,S THIRD ST,Principal Arterial,45.0,7.0,14,6.0,0.1552848249360386,TDOT
300948253,2024-03-26,2024-03-26 16:27:00,2024,3,Tuesday,16,35.091415,-89.90695,Possible Injury,Pedestrian,Intersection-On Roadway not in Crosswalk,Intersection,Daylight,Not Collision with Motor Vehicle in Transport,Pedestrian,1,True,City of Memphis,,,,,,,2530.603829056625,City of Memphis
300952729,2024-04-17,2024-04-17 07:10:00,2024,4,Wednesday,7,35.02333,-89.80247,Possible Injury,Pedestrian,Not Intersection-Other Not On Roadway,Intersection,Daylight,Not Collision with Motor Vehicle in Transport,Pedestrian,1,False,Suburban-Shelby,,,,,,,,Suburban-Shelby
300952538,2024-04-18,2024-04-18 02:35:00,2024,4,Thursday,2,35.168423,-89.86469,Possible Injury,Pedestrian,Intersection-On Roadway not in Crosswalk,Non-Junction,Dark-Lighted,Not Collision with Motor Vehicle in Transport,Pedestrian,1,True,City of Memphis,,,,,,,519.6593058092623,City of Memphis
300952777,2024-04-19,2024-04-19 09:30:00,2024,4,Friday,9,35.077015,-89.98536,Suspected Serious Injury,Pedestrian,Not Intersection-Adjacent to Roadway,Non-Junction,Daylight,Front to Rear,Other,1,True,Interstate (TDOT),,,,,,,2286.633436834996,City of Memphis
300952986,2024-04-20,2024-04-20 19:19:00,2024,4,Saturday,19,35.112816,-89.98202,Suspected Minor Injury,Pedestrian,Intersection-Unknown,Intersection,Daylight,Not Collision with Motor Vehicle in Transport,Pedestrian,1,True,City of Memphis,,,,,,,245.3275351021528,City of Memphis
300917949,2023-10-18,2023-10-18 23:32:00,2023,10,Wednesday,23,35.07429,-90.00193,Fatal,Pedestrian,Not Intersection-On Roadway Not In Crosswalk,Entrance/Exit Ramp Related,Dark-Lighted,Front to Rear,Other,1,True,Interstate ramp,,,,,,,1654.7624158900214,City of Memphis
300956353,2024-05-10,2024-05-10 12:09:00,2024,5,Friday,12,35.072014,-89.86256,Possible Injury,Pedestrian,Not Intersection-On Roadway Not In Crosswalk,Crossover-Related,Daylight,Not Collision with Motor Vehicle in Transport,Pedestrian,1,True,City of Memphis,,,,,,,317.9769631481786,City of Memphis
300918413,2023-10-21,2023-10-21 06:00:00,2023,10,Saturday,6,35.16826,-89.86452,Suspected Serious Injury,Pedestrian,Not Intersection-On Roadway Not In Crosswalk,Non-Junction,Dark-Not Lighted,Not Collision with Motor Vehicle in Transport,Pedestrian,1,True,City of Memphis,,,,,,,543.1408144178649,City of Memphis
300955061,2024-05-02,2024-05-02 20:25:00,2024,5,Thursday,20,35.148599,-89.897898,Fatal,Pedestrian,Intersection-In Crosswalk,Unknown,Dark-Lighted,Not Collision with Motor Vehicle in Transport,Pedestrian,1,True,TDOT state route,SUMMER AVE,Principal Arterial,40.0,7.0,1,5.0,4.804618292345947,TDOT
300957030,2024-05-14,2024-05-14 07:55:00,2024,5,Tuesday,7,35.213177,-90.012955,Possible Injury,Pedestrian,Intersection-In Crosswalk,Intersection,Daylight,Not Collision with Motor Vehicle in Transport,Pedestrian,1,True,City of Memphis,,,,,,,1543.8666910403697,City of Memphis
300958098,2024-05-20,2024-05-20 17:30:00,2024,5,Monday,17,35.04586,-89.85497,Possible Injury,Pedestrian,Not Intersection-Unknown,Intersection-Related,Daylight,Not Collision with Motor Vehicle in Transport,Pedestrian,1,True,City of Memphis,,,,,,,2304.7139222461487,City of Memphis
300954829,2024-04-28,2024-04-28 16:00:00,2024,4,Sunday,16,35.134922,-90.046394,Possible Injury,Pedestrian,Intersection-On Roadway Crosswalk Not Available,Intersection-Related,Daylight,Not Collision with Motor Vehicle in Transport,Pedestrian,1,True,TDOT state route,S DANNY THOMAS BLVD,Principal Arterial,35.0,5.0,1,6.0,1.4988341882558125,TDOT
300955766,2024-05-06,2024-05-06 17:00:00,2024,5,Monday,17,35.042038,-90.089806,Suspected Serious Injury,Pedestrian,Not Intersection-On Roadway Not In Crosswalk,AccelDecelLane,Dawn,Not Collision with Motor Vehicle in Transport,Pedestrian,1,True,City of Memphis,,,,,,,1633.8908045088606,City of Memphis
300954341,2024-04-29,2024-04-29 04:55:00,2024,4,Monday,4,35.10512,-89.98553,Possible Injury,Pedestrian,Intersection-On Roadway not in Crosswalk,Intersection,Dark-Lighted,Not Collision with Motor Vehicle in Transport,Pedestrian,1,True,TDOT state route,LAMAR AVE,Principal Arterial,40.0,5.0,4,4.0,15.089938288422102,TDOT
300955520,2024-05-04,2024-05-04 15:10:00,2024,5,Saturday,15,35.14082,-89.96703,Possible Injury,Pedestrian,Intersection-On Roadway Crosswalk availability Unknown,Intersection-Related,Daylight,Not Collision with Motor Vehicle in Transport,Pedestrian,1,True,City of Memphis,,,,,,,526.3560153739661,City of Memphis
300953972,2024-04-26,2024-04-26 07:00:00,2024,4,Friday,7,35.02524,-90.050224,No Injury,Other Non-Motorist,Unknown,AccelDecelLane,Dawn,Angle,Other,1,True,City of Memphis,,,,,,,485.930991700514,City of Memphis
300926954,2023-12-01,2023-12-01 00:59:00,2023,12,Friday,0,35.07478,-89.94915,Fatal,Pedestrian,Not Intersection-On Roadway Not In Crosswalk,Non-Junction,Dark-Lighted,Not Collision with Motor Vehicle in Transport,Pedestrian,1,True,TDOT state route,LAMAR AVE,Principal Arterial,40.0,7.0,4,4.0,4.511932423433913,TDOT
300957781,2024-05-18,2024-05-18 21:20:00,2024,5,Saturday,21,35.083344,-89.98604,Suspected Minor Injury,Pedestrian,Not Intersection-On Roadway Not In Crosswalk,Non-Junction,Dusk,Not Collision with Motor Vehicle in Transport,Pedestrian,1,True,City of Memphis,,,,,,,1939.686557943914,City of Memphis
300956441,2024-05-10,2024-05-10 20:56:00,2024,5,Friday,20,35.235962,-90.01259,Suspected Minor Injury,Pedestrian,Intersection-Unknown,Intersection,Dark-Lighted,Not Collision with Motor Vehicle in Transport,Pedestrian,1,True,City of Memphis,,,,,,,123.81001675976256,City of Memphis