MstrRecNbrTxt,CollisionDate,CollisionDteTime,YearNmb,Month,DayOfWeek,Hour,Latitude,Longitude,InjuryClass,PersonType,NonMotoristLocation,RelationToJunction,LightCondition,MannerOfCollision,FirstHarmfulEvent,VictimsInCrash,InMemphis,Jurisdiction,StateRoute_NAME,StateRoute_F_System,StateRoute_SPDLIMIT,StateRoute_LANES,StateRoute_ALTNAME_1,StateRoute_Council_District,DistToStateRoute_m,Jurisdiction_prev
300966374,2024-07-15,2024-07-15 11:30:00,2024,7,Monday,11,35.006363,-90.01927,No Injury,Pedestrian,Not Intersection-Other Not On Roadway,Intersection,Daylight,Angle,Other,1,True,City of Memphis,,,,,,,548.507167435381,City of Memphis
300963964,2024-06-28,2024-06-28 21:00:00,2024,6,Friday,21,35.09236,-90.060104,Suspected Serious Injury,Pedestrian,Not Intersection-Adjacent to Roadway,OtherLocation,Dark-Lighted,Not Collision with Motor Vehicle in Transport,Pedestrian,1,True,City of Memphis,,,,,,,357.3185477763923,City of Memphis
300963154,2024-06-23,2024-06-23 00:00:00,2024,6,Sunday,0,35.13892,-90.05575,Suspected Serious Injury,Pedestrian,Not Intersection-On Roadway Crosswalk Availability Unknown,Intersection,Dark-Lighted,Not Collision with Motor Vehicle in Transport,Pedestrian,1,True,City of Memphis,,,,,,,140.79382571009307,City of Memphis
300964124,2024-06-30,2024-06-30 02:26:00,2024,6,Sunday,2,35.184933,-89.93227,Suspected Serious Injury,Pedestrian,Not Intersection-On Roadway Not In Crosswalk,AccelDecelLane,Dark-Lighted,Not Collision with Motor Vehicle in Transport,Pedestrian,1,True,City of Memphis,,,,,,,69.57380376075058,City of Memphis
300963352,2024-06-24,2024-06-24 17:00:00,2024,6,Monday,17,35.145138,-90.031746,Possible Injury,Pedestrian,Not Intersection-On Roadway Not In Crosswalk,Unknown,Daylight,Not Collision with Motor Vehicle in Transport,Pedestrian,1,True,City of Memphis,,,,,,,740.9813598882411,City of Memphis
300963976,2024-06-28,2024-06-28 22:00:00,2024,6,Friday,22,35.22069,-89.89003,Possible Injury,Pedestrian,Not Intersection-On Roadway Not In Crosswalk,Non-Junction,Dark-Lighted,Not Collision with Motor Vehicle in Transport,Pedestrian,1,True,City of Memphis,,,,,,,381.3004876432338,City of Memphis
300965380,2024-07-08,2024-07-08 22:20:00,2024,7,Monday,22,35.077015,-89.98536,Possible Injury,Pedestrian,Not Intersection-On Roadway Not In Crosswalk,OtherLocation,Dark-Lighted,Not Collision with Motor Vehicle in Transport,Pedestrian,1,True,Interstate (TDOT),,,,,,,2286.633436834996,City of Memphis
300964523,2024-07-02,2024-07-02 05:12:00,2024,7,Tuesday,5,35.03549,-90.07004,Possible Injury,Pedestrian,Not Intersection-On Roadway Not In Crosswalk,AccelDecelLane,Dawn,Not Collision with Motor Vehicle in Transport,Pedestrian,1,True,City of Memphis,,,,,,,220.5306461153148,City of Memphis
300963795,2024-06-27,2024-06-27 17:30:00,2024,6,Thursday,17,35.223644,-89.94084,Possible Injury,Pedestrian,Intersection-On Roadway not in Crosswalk,AccelDecelLane,Daylight,Not Collision with Motor Vehicle in Transport,Pedestrian,1,True,City of Memphis,,,,,,,2409.10719674447,City of Memphis
300967695,2024-07-25,2024-07-25 21:36:00,2024,7,Thursday,21,35.081993,-89.90726,No Injury,Pedestrian,Not Intersection-Outside Traffic,OtherLocation,Dark-Lighted,Not Collision with Motor Vehicle in Transport,Other,2,True,City of Memphis,,,,,,,2199.204804738182,City of Memphis
300971566,2024-08-18,2024-08-18 18:00:00,2024,8,Sunday,18,35.04808,-89.783615,No Injury,Pedestrian,Not Intersection-Other Not On Roadway,Intersection-Related,Dawn,Not Collision with Motor Vehicle in Transport,Other,2,True,City of Memphis,,,,,,,2268.7381915502037,City of Memphis
300968928,2024-08-01,2024-08-01 21:05:00,2024,8,Thursday,21,35.205276,-89.92339,No Injury,Pedestrian,Not Intersection-On Roadway Not In Crosswalk,AccelDecelLane,Dark-Lighted,Angle,Other,1,True,Interstate ramp,AUSTIN PEAY HWY,Principal Arterial,50.0,3.0,14,7.0,1.5950928516287195,TDOT
300951942,2024-04-14,2024-04-14 04:44:00,2024,4,Sunday,4,35.175112,-89.836434,Fatal,Pedestrian,Not Intersection-On Roadway Crosswalk not Available,Non-Junction,Dark-Lighted,Not Collision with Motor Vehicle in Transport,Pedestrian,1,True,Interstate (TDOT),,,,,,,2020.39163879198,City of Memphis
300970808,2024-08-16,2024-08-16 14:00:00,2024,8,Friday,14,35.11656,-90.0116,Suspected Minor Injury,Pedestrian,Not Intersection-On Roadway Not In Crosswalk,Non-Junction,Daylight,Not Collision with Motor Vehicle in Transport,Pedestrian,1,True,City of Memphis,,,,,,,598.1700437669451,City of Memphis
300970818,2024-08-15,2024-08-15 20:50:00,2024,8,Thursday,20,35.209625,-90.0328,Possible Injury,Pedestrian,Intersection-On Roadway not in Crosswalk,Intersection-Related,Dark-Lighted,Not Collision with Motor Vehicle in Transport,Pedestrian,1,True,TDOT state route,THOMAS ST,,40.0,2.0,3,7.0,9.778451288269387,TDOT
300970461,2024-08-06,2024-08-06 11:00:00,2024,8,Tuesday,11,35.205264,-89.745207,Suspected Minor Injury,Pedestrian,Not Intersection-On Roadway Not In Crosswalk,Non-Junction,Daylight,Not Collision with Motor Vehicle in Transport,Pedestrian,1,False,Suburban-Shelby,,,,,,,,Suburban-Shelby
300970302,2024-08-12,2024-08-12 22:42:00,2024,8,Monday,22,35.10955,-90.021736,Possible Injury,Pedestrian,Intersection-Unknown,AccelDecelLane,Dark-Lighted,Not Collision with Motor Vehicle in Transport,Pedestrian,1,True,City of Memphis,ELVIS PRESLEY BLVD,Minor Arterial,35.0,5.0,3,4.0,1.237786142674003,TDOT
300970303,2024-08-10,2024-08-10 22:19:00,2024,8,Saturday,22,35.104996,-89.97768,Suspected Serious Injury,Pedestrian,Intersection-Unknown,Intersection-Related,Dark-Unknown Lighting,Not Collision with Motor Vehicle in Transport,Pedestrian,1,True,City of Memphis,,,,,,,412.588649164278,City of Memphis
300968870,2024-08-02,2024-08-02 22:08:00,2024,8,Friday,22,35.086304,-90.044525,Possible Injury,Pedestrian,Intersection-On Roadway Crosswalk Not Available,AccelDecelLane,Dark-Lighted,Not Collision with Motor Vehicle in Transport,Pedestrian,1,True,City of Memphis,,,,,,,1115.726817258338,City of Memphis
300971420,2024-08-19,2024-08-19 18:15:00,2024,8,Monday,18,35.093723,-90.0005,Possible Injury,Pedestrian,Intersection-On Roadway Crosswalk Not Available,Intersection,Dusk,Not Collision with Motor Vehicle in Transport,Pedestrian,1,True,City of Memphis,,,,,,,1606.4207459804727,City of Memphis
300970509,2024-08-14,2024-08-14 07:12:00,2024,8,Wednesday,7,35.133705,-90.02085,Possible Injury,Pedestrian,Intersection-On Roadway Crosswalk Not Available,Intersection-Related,Daylight,Not Collision with Motor Vehicle in Transport,Pedestrian,2,True,City of Memphis,S BELLEVUE BLVD,Major Collector,35.0,4.0,3,6.0,4.433141582969639,TDOT
300945956,2024-03-13,2024-03-13 19:42:00,2024,3,Wednesday,19,35.140537,-90.04451,Fatal,Pedestrian,Intersection-In Crosswalk,Intersection-Related,Dark-Lighted,Not Collision with Motor Vehicle in Transport,Pedestrian,1,True,TDOT state route,UNION AVE,Principal Arterial,35.0,5.0,3,6.0,29.499375520466515,TDOT
300968900,2024-08-02,2024-08-02 20:30:00,2024,8,Friday,20,35.08632,-90.05957,Possible Injury,Pedestrian,Intersection-On Roadway not in Crosswalk,Non-Junction,Dark-Lighted,Not Collision with Motor Vehicle in Transport,Pedestrian,1,True,City of Memphis,,,,,,,251.2605904316292,City of Memphis
300970010,2024-08-10,2024-08-10 18:35:00,2024,8,Saturday,18,35.157948,-89.97601,Suspected Minor Injury,Pedestrian,Intersection-In Crosswalk,Intersection,Daylight,Not Collision with Motor Vehicle in Transport,Pedestrian,1,True,TDOT state route,JACKSON AVE,Principal Arterial,40.0,5.0,14,7.0,4.687374335873462,TDOT
300970867,2024-08-17,2024-08-17 01:05:00,2024,8,Saturday,1,35.14318,-90.0071,Suspected Serious Injury,Pedestrian,Intersection-On Roadway Crosswalk Not Available,Non-Junction,Dark-Lighted,Not Collision with Motor Vehicle in Transport,Pedestrian,1,True,City of Memphis,,,,,,,796.8431547070909,City of Memphis
300970029,2024-08-10,2024-08-10 17:25:00,2024,8,Saturday,17,35.049774,-89.80829,Unknown,Pedestrian,Intersection-On Roadway not in Crosswalk,Intersection,Daylight,Not Collision with Motor Vehicle in Transport,Pedestrian,1,True,City of Memphis,,,,,,,84.64405862219898,City of Memphis
300967438,2024-07-23,2024-07-23 23:45:00,2024,7,Tuesday,23,35.15863,-90.02266,Suspected Serious Injury,Pedestrian,Not Intersection-Outside Traffic,OtherLocation,Dark-Lighted,Not Collision with Motor Vehicle in Transport,Pedestrian,1,True,City of Memphis,,,,,,,106.42063113960236,City of Memphis
300969896,2024-08-09,2024-08-09 19:00:00,2024,8,Friday,19,35.177944,-89.97201,Possible Injury,Pedestrian,Intersection-Not on Roadway,Intersection-Related,Dark-Lighted,Not Collision with Motor Vehicle in Transport,Pedestrian,1,True,City of Memphis,,,,,,,2134.5570713470024,City of Memphis
300967848,2024-07-26,2024-07-26 11:22:00,2024,7,Friday,11,35.216988,-89.89398,Suspected Minor Injury,Pedestrian,Not Intersection-On Roadway Not In Crosswalk,Intersection-Related,Daylight,Not Collision with Motor Vehicle in Transport,Pedestrian,1,True,TDOT state route,,,,,,,32.37975351168325,City of Memphis
300969114,2024-08-04,2024-08-04 03:00:00,2024,8,Sunday,3,35.162937,-89.97888,No Injury,Pedestrian,Unknown,Non-Junction,Dark-Lighted,HeadOn,Other,1,True,City of Memphis,,,,,,,550.6648890691614,City of Memphis
300969904,2024-08-09,2024-08-09 20:00:00,2024,8,Friday,20,35.108456,-89.98326,No Injury,Pedestrian,Not Intersection-Outside Traffic,OtherLocation,Dark-Lighted,Not Collision with Motor Vehicle in Transport,Pedestrian,1,True,City of Memphis,,,,,,,149.98880460599625,City of Memphis
300967111,2024-07-21,2024-07-21 01:35:00,2024,7,Sunday,1,35.138626,-90.06045,Possible Injury,Pedestrian,Not Intersection-In Crosswalk,AccelDecelLane,Dark-Lighted,Angle,Other,1,True,City of Memphis,,,,,,,491.7691006145479,City of Memphis
300971495,2024-08-21,2024-08-21 06:24:00,2024,8,Wednesday,6,35.16227,-89.93924,Possible Injury,Other Non-Motorist,Not Intersection-Unknown,Intersection-Related,Daylight,Not Collision with Motor Vehicle in Transport,Other,2,True,City of Memphis,,,,,,,1054.9646316760386,City of Memphis
300970597,2024-08-14,2024-08-14 22:54:00,2024,8,Wednesday,22,35.13471,-89.84028,Suspected Minor Injury,Pedestrian,Not Intersection-Outside Traffic,Non-Junction,Dark-Not Lighted,Other,Other,2,True,City of Memphis,,,,,,,2537.73409388812,City of Memphis
300973105,2024-08-31,2024-08-31 05:10:00,2024,8,Saturday,5,35.19543,-89.91103,Possible Injury,Pedestrian,Not Intersection-Other Not On Roadway,Intersection,Dark-Lighted,Not Collision with Motor Vehicle in Transport,Other,2,True,City of Memphis,,,,,,,1187.1704210787248,City of Memphis
300975647,2024-09-10,2024-09-10 18:10:00,2024,9,Tuesday,18,35.335304,-89.85158,Possible Injury,Pedestrian,Not Intersection-Unknown,Non-Junction,Dusk,Not Collision with Motor Vehicle in Transport,Pedestrian,1,False,Suburban-Shelby,,,,,,,,Suburban-Shelby
300971111,2024-07-21,2024-07-21 22:20:00,2024,7,Sunday,22,35.217893,-89.858192,Suspected Serious Injury,Pedestrian,Not Intersection-Adjacent to Roadway,Non-Junction,Dark-Lighted,Not Collision with Motor Vehicle in Transport,Pedestrian,1,False,Suburban-Shelby,,,,,,,,Suburban-Shelby
300971925,2024-08-23,2024-08-23 23:25:00,2024,8,Friday,23,35.0354,-90.07322,Possible Injury,Pedestrian,Intersection-On Roadway Crosswalk availability Unknown,Intersection,Dark-Lighted,Not Collision with Motor Vehicle in Transport,Pedestrian,1,True,City of Memphis,S THIRD ST,Principal Arterial,45.0,7.0,14,6.0,2.8878023057792417,TDOT
300971928,2024-08-23,2024-08-23 00:40:00,2024,8,Friday,0,35.16229,-89.794426,Possible Injury,Pedestrian,Intersection-In Crosswalk,Intersection-Related,Dark-Lighted,Not Collision with Motor Vehicle in Transport,Pedestrian,1,True,City of Memphis,,,,,,,31.772871879528367,City of Memphis
300975278,2024-09-14,2024-09-14 19:28:00,2024,9,Saturday,19,35.164803,-89.946724,Suspected Serious Injury,Pedestrian,Intersection-On Roadway not in Crosswalk,Non-Junction,Unknown,Not Collision with Motor Vehicle in Transport,Pedestrian,1,True,City of Memphis,,,,,,,389.78245880938977,City of Memphis
300972694,2024-08-29,2024-08-29 05:49:00,2024,8,Thursday,5,35.10671,-90.01998,Suspected Minor Injury,Pedestrian,Not Intersection-Outside Traffic,Non-Junction,Dawn,Not Collision with Motor Vehicle in Transport,Pedestrian,1,True,City of Memphis,,,,,,,103.4347779771336,City of Memphis
300974452,2024-09-09,2024-09-09 19:40:00,2024,9,Monday,19,35.1287,-89.94882,Possible Injury,Pedestrian,Intersection-On Roadway not in Crosswalk,OtherLocation,Dark-Lighted,Not Collision with Motor Vehicle in Transport,Pedestrian,1,True,TDOT state route,POPLAR AVE,Principal Arterial,40.0,7.0,57,5.0,4.918306560119413,TDOT
300975295,2024-09-14,2024-09-14 23:48:00,2024,9,Saturday,23,35.13769,-89.99966,Possible Injury,Pedestrian,Intersection-On Roadway Crosswalk availability Unknown,Intersection-Related,Dark-Lighted,Not Collision with Motor Vehicle in Transport,Pedestrian,1,True,City of Memphis,,,,,,,276.3487674694834,City of Memphis
300975111,2024-09-12,2024-09-12 20:14:00,2024,9,Thursday,20,35.058693,-89.933174,Suspected Minor Injury,Pedestrian,Intersection-On Roadway not in Crosswalk,Intersection-Related,Dark-Lighted,Not Collision with Motor Vehicle in Transport,Pedestrian,1,True,City of Memphis,,,,,,,71.474751628288,City of Memphis
300973688,2024-09-04,2024-09-04 14:59:00,2024,9,Wednesday,14,35.02095,-90.025215,Possible Injury,Pedestrian,Intersection-Unknown,Intersection,Daylight,Not Collision with Motor Vehicle in Transport,Pedestrian,1,True,TDOT state route,ELVIS PRESLEY BLVD,Principal Arterial,40.0,5.0,3,6.0,0.3361220512907629,TDOT
300975133,2024-09-13,2024-09-13 06:31:00,2024,9,Friday,6,35.02075,-89.95456,Possible Injury,Pedestrian,Not Intersection-Outside Traffic,AccelDecelLane,Dawn,Angle,Other,1,True,TDOT state route,E SHELBY DR,Principal Arterial,45.0,7.0,175,3.0,4.893115308724101,TDOT
300913448,2023-09-26,2023-09-26 22:21:00,2023,9,Tuesday,22,35.084354,-90.01838,Fatal,Pedestrian,Intersection-On Roadway Crosswalk Not Available,Intersection,Dark-Lighted,Not Collision with Motor Vehicle in Transport,Pedestrian,1,True,City of Memphis,ELVIS PRESLEY BLVD,Minor Arterial,40.0,4.0,3,4.0,9.090103912004704,TDOT
300929514,2023-12-12,2023-12-12 21:44:00,2023,12,Tuesday,21,35.220623,-89.92425,Fatal,Pedestrian,Not Intersection-On Roadway Crosswalk not Available,Non-Junction,Dark-Lighted,Not Collision with Motor Vehicle in Transport,Pedestrian,1,True,City of Memphis,,,,,,,1024.5228533295403,City of Memphis
300974088,2024-09-06,2024-09-06 21:12:00,2024,9,Friday,21,35.17402,-89.930855,Possible Injury,Pedestrian,Not Intersection-On Roadway Not In Crosswalk,Non-Junction,Dark-Lighted,Not Collision with Motor Vehicle in Transport,Pedestrian,1,True,City of Memphis,,,,,,,739.9258167461591,City of Memphis
300974094,2024-09-07,2024-09-07 12:40:00,2024,9,Saturday,12,35.100353,-89.96597,No Injury,Pedestrian,Not Intersection-Outside Traffic,Intersection,Daylight,Not Collision with Motor Vehicle in Transport,Other,1,True,City of Memphis,,,,,,,653.269381474727,City of Memphis
300975310,2024-09-15,2024-09-15 00:43:00,2024,9,Sunday,0,35.009132,-90.12243,No Injury,Pedestrian,Not Intersection-Other Not On Roadway,OtherLocation,Dark-Lighted,Not Collision with Motor Vehicle in Transport,Other,1,True,City of Memphis,,,,,,,1113.5884618443167,City of Memphis
300956445,2024-05-09,2024-05-09 18:21:00,2024,5,Thursday,18,35.054134,-90.02041,Fatal,Pedestrian,Not Intersection-On Roadway Crosswalk not Available,Non-Junction,Daylight,Not Collision with Motor Vehicle in Transport,Pedestrian,1,True,City of Memphis,,,,,,,418.86811076527886,City of Memphis
300975158,2024-09-13,2024-09-13 19:12:00,2024,9,Friday,19,35.019917,-90.02595,Suspected Serious Injury,Pedestrian,Not Intersection-On Roadway Not In Crosswalk,"Driveway, Alley Access, etc",Dark-Lighted,Not Collision with Motor Vehicle in Transport,Pedestrian,1,True,TDOT state route,,,,,,,66.97338788000434,City of Memphis
300973505,2024-09-03,2024-09-03 17:30:00,2024,9,Tuesday,17,35.093876,-90.02841,Possible Injury,Pedestrian,Not Intersection-On Roadway Not In Crosswalk,AccelDecelLane,Daylight,Not Collision with Motor Vehicle in Transport,Pedestrian,1,True,City of Memphis,,,,,,,938.3952018957432,City of Memphis
300972791,2024-08-28,2024-08-28 21:44:00,2024,8,Wednesday,21,35.169334,-90.02194,Suspected Minor Injury,Pedestrian,Intersection-In Crosswalk,Intersection,Dark-Lighted,Not Collision with Motor Vehicle in Transport,Pedestrian,1,True,City of Memphis,,,,,,,1236.5446635398405,City of Memphis
300971616,2024-08-21,2024-08-21 18:02:00,2024,8,Wednesday,18,35.10757,-89.94914,Possible Injury,Pedestrian,Not Intersection-Other Not On Roadway,Non-Junction,Daylight,Not Collision with Motor Vehicle in Transport,Pedestrian,1,True,City of Memphis,,,,,,,2265.817574422389,City of Memphis
300975788,2024-09-17,2024-09-17 19:04:00,2024,9,Tuesday,19,35.10532,-89.98565,Possible Injury,Pedestrian,Not Intersection-On Roadway Not In Crosswalk,Intersection,Dark-Lighted,Not Collision with Motor Vehicle in Transport,Pedestrian,1,True,City of Memphis,LAMAR AVE,Principal Arterial,40.0,5.0,4,4.0,4.254219725299092,TDOT
300973538,2024-09-03,2024-09-03 17:51:00,2024,9,Tuesday,17,35.07211,-89.90497,Possible Injury,Pedestrian,Intersection-Unknown,Intersection-Related,Daylight,Not Collision with Motor Vehicle in Transport,Pedestrian,1,True,City of Memphis,,,,,,,2451.9073263340183,City of Memphis
300974709,2024-09-10,2024-09-10 08:00:00,2024,9,Tuesday,8,35.1647,-90.010376,Possible Injury,Pedestrian,Intersection-In Crosswalk,Intersection,Daylight,Not Collision with Motor Vehicle in Transport,Pedestrian,1,True,City of Memphis,,,,,,,666.2613445938556,City of Memphis
300972577,2024-08-26,2024-08-26 00:00:00,2024,8,Monday,0,35.170246,-89.98154,Possible Injury,Pedestrian,Intersection-On Roadway Crosswalk Not Available,Intersection,Dark-Lighted,Not Collision with Motor Vehicle in Transport,Pedestrian,1,True,City of Memphis,,,,,,,1270.197679741307,City of Memphis
300974168,2024-09-06,2024-09-06 19:44:00,2024,9,Friday,19,35.1079,-89.946045,Suspected Minor Injury,Pedestrian,Not Intersection-On Roadway Not In Crosswalk,OtherLocation,Dark-Lighted,Not Collision with Motor Vehicle in Transport,Pedestrian,1,True,City of Memphis,,,,,,,2159.9034690551507,City of Memphis
300973341,2024-08-19,2024-08-19 07:45:00,2024,8,Monday,7,35.085842,-89.91683,Possible Injury,Pedestrian,Intersection-On Roadway Crosswalk availability Unknown,Intersection,Daylight,Not Collision with Motor Vehicle in Transport,Pedestrian,1,True,City of Memphis,,,,,,,1447.7585474160426,City of Memphis
300972152,2024-08-24,2024-08-24 22:20:00,2024,8,Saturday,22,35.135178,-90.000084,Suspected Minor Injury,Pedestrian,Intersection-In Crosswalk,Intersection,Dark-Lighted,Not Collision with Motor Vehicle in Transport,Pedestrian,1,True,City of Memphis,UNION AVE,Principal Arterial,35.0,6.0,23,5.0,4.998838579112223,TDOT
300972001,2024-08-24,2024-08-24 19:38:00,2024,8,Saturday,19,35.137287,-90.02113,Suspected Serious Injury,Pedestrian,Intersection-On Roadway not in Crosswalk,Intersection-Related,Dark-Lighted,Not Collision with Motor Vehicle in Transport,Pedestrian,1,True,TDOT state route,UNION AVE,Principal Arterial,35.0,6.0,3,6.0,4.647149300632669,TDOT
300973558,2024-09-03,2024-09-03 23:45:00,2024,9,Tuesday,23,35.086525,-89.9311,Possible Injury,Pedestrian,Intersection-On Roadway not in Crosswalk,Intersection,Dark-Lighted,Not Collision with Motor Vehicle in Transport,Pedestrian,1,True,City of Memphis,,,,,,,670.7250765989337,City of Memphis
300972003,2024-08-24,2024-08-24 21:55:00,2024,8,Saturday,21,35.111546,-90.02173,Suspected Serious Injury,Pedestrian,Not Intersection-On Roadway Not In Crosswalk,SharedUsePathOrTrail,Dark-Not Lighted,Not Collision with Motor Vehicle in Transport,Pedestrian,1,True,City of Memphis,S BELLEVUE BLVD,Minor Arterial,35.0,5.0,3,4.0,0.3986047283847808,TDOT
300975599,2024-09-16,2024-09-16 11:00:00,2024,9,Monday,11,35.137104,-90.05148,Possible Injury,Pedestrian,Intersection-On Roadway Crosswalk Not Available,"Driveway, Alley Access, etc",Daylight,Not Collision with Motor Vehicle in Transport,Pedestrian,1,True,TDOT state route,DR MARTIN LUTHER KING JR,Minor Arterial,,5.0,,6.0,4.69499666475566,TDOT
300973356,2024-09-02,2024-09-02 21:10:00,2024,9,Monday,21,35.05621,-89.93126,Suspected Minor Injury,Pedestrian,Not Intersection-On Roadway Not In Crosswalk,Non-Junction,Dark-Lighted,Not Collision with Motor Vehicle in Transport,Pedestrian,1,True,TDOT state route,LAMAR AVE,Principal Arterial,40.0,5.0,4,3.0,8.604967551342266,TDOT
300875106,2023-03-23,2023-03-23 21:00:00,2023,3,Thursday,21,35.13417,-89.99038,Fatal,Pedestrian,Not Intersection-On Roadway Not In Crosswalk,Non-Junction,Dark-Lighted,Not Collision with Motor Vehicle in Transport,Pedestrian,1,True,TDOT state route,UNION AVE,Principal Arterial,35.0,6.0,23,5.0,4.742867923559668,TDOT
300974765,2024-09-11,2024-09-11 19:06:00,2024,9,Wednesday,19,35.237213,-89.98448,Suspected Minor Injury,Pedestrian,Not Intersection-Outside Traffic,"Driveway, Alley Access, etc",Dark-Not Lighted,Angle,Other,1,True,City of Memphis,,,,,,,2146.6582371478617,City of Memphis
300971844,2024-08-22,2024-08-22 20:30:00,2024,8,Thursday,20,35.170155,-89.97783,Fatal,Pedestrian,Not Intersection-On Roadway Not In Crosswalk,OtherLocation,Dark-Lighted,Not Collision with Motor Vehicle in Transport,Pedestrian,1,True,City of Memphis,,,,,,,1349.805095267223,City of Memphis
300971888,2024-08-23,2024-08-23 00:00:00,2024,8,Friday,99,35.119877,-90.04822,Suspected Minor Injury,Pedestrian,Intersection-Unknown,Unknown,Daylight,Not Collision with Motor Vehicle in Transport,Pedestrian,1,True,City of Memphis,,,,,,,507.3029379477507,City of Memphis
300966435,2024-07-16,2024-07-16 21:40:00,2024,7,Tuesday,21,35.153976,-89.88741,Fatal,Pedestrian,Not Intersection-On Roadway Not In Crosswalk,Non-Junction,Dark-Lighted,Not Collision with Motor Vehicle in Transport,Pedestrian,1,True,TDOT state route,SUMMER AVE,Principal Arterial,40.0,7.0,1,5.0,16.66309332025716,TDOT
300974608,2024-09-10,2024-09-10 05:44:00,2024,9,Tuesday,5,35.075428,-89.93197,Suspected Serious Injury,Pedestrian,Not Intersection-On Roadway Not In Crosswalk,AccelDecelLane,Dawn,Not Collision with Motor Vehicle in Transport,Pedestrian,1,True,TDOT state route,,,,,,,31.815812580411137,City of Memphis
300971719,2024-08-21,2024-08-21 00:00:00,2024,8,Wednesday,99,35.19989,-89.95876,Possible Injury,Pedestrian,Intersection-In Crosswalk,Intersection,Unknown,Not Collision with Motor Vehicle in Transport,Pedestrian,1,True,City of Memphis,,,,,,,2997.344609607271,City of Memphis
300974384,2024-09-08,2024-09-08 12:30:00,2024,9,Sunday,12,35.104397,-89.9792,Possible Injury,Pedestrian,Not Intersection-On Roadway Not In Crosswalk,Through Roadway,Daylight,Not Collision with Motor Vehicle in Transport,Pedestrian,1,True,City of Memphis,,,,,,,277.8482563113605,City of Memphis
300972867,2024-08-27,2024-08-27 12:38:00,2024,8,Tuesday,12,35.09502,-89.97012,Possible Injury,Pedestrian,Intersection-On Roadway Crosswalk Not Available,AccelDecelLane,Daylight,Not Collision with Motor Vehicle in Transport,Pedestrian,1,True,City of Memphis,LAMAR AVE,Principal Arterial,40.0,5.0,4,4.0,2.9469036291549555,TDOT
300972433,2024-08-23,2024-08-23 21:50:00,2024,8,Friday,21,35.066883,-89.843575,Suspected Serious Injury,Pedestrian,Intersection-On Roadway not in Crosswalk,AccelDecelLane,Dark-Lighted,Not Collision with Motor Vehicle in Transport,Pedestrian,1,True,TDOT state route,STATE ROUTE 385,Freeway and Expressway,65.0,3.0,NONCONNAH PKWY,2.0,4.594228955918058,TDOT
300979488,2024-10-09,2024-10-09 17:00:00,2024,10,Wednesday,17,35.146027,-89.96339,Suspected Serious Injury,Pedestrian,Intersection-On Roadway Crosswalk Not Available,Intersection,Daylight,Not Collision with Motor Vehicle in Transport,Pedestrian,1,True,City of Memphis,,,,,,,394.04150314348726,City of Memphis
300978527,2024-10-02,2024-10-02 09:05:00,2024,10,Wednesday,9,35.2081,-89.97568,Possible Injury,Pedestrian,Not Intersection-On Roadway Not In Crosswalk,AccelDecelLane,Daylight,Front to Rear,Other,2,True,City of Memphis,,,,,,,4652.5161738781335,City of Memphis
300978295,2024-10-03,2024-10-03 14:54:00,2024,10,Thursday,14,35.156796,-90.04676,Possible Injury,Pedestrian,Not Intersection-On Roadway Not In Crosswalk,Intersection,Daylight,Not Collision with Motor Vehicle in Transport,Pedestrian,1,True,TDOT state route,N SECOND ST,Principal Arterial,35.0,3.0,3,7.0,1.7904937678748312,TDOT
300979999,2024-10-14,2024-10-14 15:15:00,2024,10,Monday,15,35.04009,-89.82426,Possible Injury,Pedestrian,Intersection-In Crosswalk,Intersection,Daylight,Not Collision with Motor Vehicle in Transport,Pedestrian,1,True,City of Memphis,,,,,,,1370.4564387605938,City of Memphis
300937000,2024-01-23,2024-01-23 18:30:00,2024,1,Tuesday,18,35.16955,-89.91359,Possible Injury,Pedestrian,Intersection-In Crosswalk,Intersection,Other,Not Collision with Motor Vehicle in Transport,Pedestrian,1,True,City of Memphis,,,,,,,1025.3691826322995,City of Memphis
300979834,2024-10-01,2024-10-01 18:00:00,2024,10,Tuesday,18,35.165183,-89.790943,Suspected Minor Injury,Pedestrian,Intersection-In Crosswalk,Intersection,Dusk,Not Collision with Motor Vehicle in Transport,Pedestrian,1,True,City of Memphis,,,,,,,259.55685215672344,City of Memphis